,Count,Minimum,Maximum,Mean,Standard Deviation,Variance,Upper Quartile,Upper 1.5 IQR,Median,Lower 1.5 IQR,Lower Quartile,District,Year,Season,Area (Hectare),Production (Tonnes),Yield (Tonnes/Hectare),Month
1,6352,0.0664,0.6411,0.218823,0.1017398,0.010351,0.2617,0.4368,0.1756,0.0664,0.1449,KARAULI,2001,Rabi       ,61886,118884,1.9210160617910352,02
3,6352,0.066,0.6401,0.2315654,0.11383039999999998,0.012957299999999998,0.2855,0.4957,0.18475,0.066,0.1453,KARAULI,2002,Rabi       ,55324,174640,3.1566770298604583,02
5,6352,0.0536,0.6672,0.18854649999999998,0.11581689999999999,0.0134136,0.226325,0.3967,0.1296,0.0536,0.1127,KARAULI,2003,Rabi       ,52941,131287,2.479873821801628,02
7,6352,0.0682,0.6254,0.241999,0.1159683,0.0134486,0.3307,0.6139,0.20655,0.0682,0.138,KARAULI,2004,Rabi       ,63492,231030,3.6387261387261383,02
9,6352,0.0505,0.6241,0.23542710000000003,0.10963230000000002,0.0120192,0.307025,0.5489999999999999,0.2006,0.0505,0.1425,KARAULI,2005,Rabi       ,50984,167098,3.277459595167111,02
11,6352,0.0637,0.6363,0.2344114,0.10661110000000001,0.0113659,0.2959,0.5227,0.2001,0.0637,0.144675,KARAULI,2006,Rabi       ,51891,170279,3.281474629511861,02
13,6352,0.0697,0.5734,0.20779650000000002,0.106776,0.0114011,0.258875,0.4522,0.15755,0.0697,0.1299,KARAULI,2007,Rabi       ,53423,163549,3.0613967766692247,02
15,6352,0.0904,0.6365,0.228751,0.11745839999999998,0.0137965,0.28785,0.5139,0.1832,0.0904,0.1369,KARAULI,2008,Rabi       ,56952,192121,3.373384604579295,02
17,6352,0.0601,0.5657,0.23132660000000002,0.0913619,0.008347,0.29625,0.5085,0.2076,0.0601,0.1502,KARAULI,2009,Rabi       ,62737,228085,3.6355739037569537,02
19,6352,0.0794,0.6045,0.24431109999999998,0.1105026,0.012210799999999999,0.3291,0.6045,0.21665,0.0794,0.1433,KARAULI,2010,Rabi       ,73134,285650,3.9058440670549954,02
21,6352,0.1032,0.6611,0.30980749999999996,0.141103,0.0199101,0.429425,0.6611,0.28275,0.1032,0.174175,KARAULI,2011,Rabi       ,86163,365854,4.246068498079222,02
23,6352,0.0561,0.6136,0.24667600000000003,0.10863239999999999,0.011801,0.324825,0.5825,0.2238,0.0561,0.1443,KARAULI,2012,Rabi       ,75295,296883,3.942931137525732,02
25,6352,0.0754,0.6778,0.2930325,0.1235743,0.015270600000000002,0.390025,0.6778,0.26505,0.0754,0.1794,KARAULI,2013,Rabi       ,78348,306585,3.9131183948537296,02
27,6352,0.0768,0.6817,0.30596290000000004,0.13518329999999998,0.0182745,0.4243,0.6817,0.2917,0.0768,0.1697,KARAULI,2014,Rabi       ,83418,313196,3.754537390011748,02
29,6352,0.0912,0.6455,0.2772292,0.1285337,0.0165209,0.3819,0.6455,0.25,0.0912,0.1556,KARAULI,2015,Rabi       ,85169,308964,3.6276579506628,02
31,6352,0.075,0.6249,0.2538503,0.1317829,0.0173667,0.352725,0.6249,0.2075,0.075,0.1372,KARAULI,2016,Rabi       ,78974,279286,3.536429711044141,02
33,6352,0.0805,0.6279,0.2817118,0.12483810000000001,0.0155846,0.38785,0.6279,0.26835,0.0805,0.1582,KARAULI,2017,Rabi       ,89193,360710,4.044151446862422,02
35,6352,0.08900000000000001,0.6223,0.2493221,0.1309239,0.017141099999999996,0.3407,0.6223,0.1956,0.08900000000000001,0.1407,KARAULI,2018,Rabi       ,75421,319581,4.23729465268294,02
37,6352,0.0947,0.6872,0.309469,0.14333729999999997,0.020545599999999997,0.43305,0.6872,0.2912,0.0947,0.1657,KARAULI,2019,Rabi       ,77846,346048,4.445289417568018,02
39,6893,0.0494,0.6049,0.2592663,0.1142782,0.0130595,0.355,0.6049,0.2291,0.0494,0.1568,KOTA,2001,Rabi       ,96156,241324,2.509713382420234,02
41,6893,0.02,0.6475,0.2901344,0.13248189999999999,0.0175514,0.4066,0.6475,0.2593,0.02,0.1697,KOTA,2002,Rabi       ,79144,227185,2.8705271404023045,02
43,6893,-0.0376,0.6312,0.23080860000000003,0.11942960000000001,0.014263399999999999,0.2979,0.5374,0.1826,-0.0376,0.1379,KOTA,2003,Rabi       ,50311,141770,2.8178728309912344,02
45,6893,0.0622,0.6327,0.2844667,0.13135020000000003,0.0172529,0.4017,0.6327,0.2499,0.0622,0.1651,KOTA,2004,Rabi       ,66760,191358,2.8663571000599157,02
47,6893,0.0396,0.6351,0.2981062,0.1325252,0.017562900000000003,0.4161,0.6351,0.2786,0.0396,0.1745,KOTA,2005,Rabi       ,64902,220058,3.3906197035530488,02
49,6893,0.0556,0.6034,0.2839348,0.12603150000000002,0.0158839,0.4001,0.6034,0.2565,0.0556,0.1661,KOTA,2006,Rabi       ,64753,209469,3.234892591849026,02
51,6893,0.0297,0.6413,0.2738722,0.1125934,0.012677299999999999,0.3618,0.6413,0.2581,0.0297,0.1742,KOTA,2007,Rabi       ,81551,296388,3.634388296893968,02
53,6893,0.0536,0.635,0.303732,0.1434942,0.020590599999999997,0.431,0.635,0.2803,0.0536,0.1688,KOTA,2008,Rabi       ,110050,398747,3.62332576101772,02
55,6893,0.0654,0.6036,0.2901507,0.1252462,0.015686600000000002,0.3976,0.6036,0.2757,0.0654,0.1735,KOTA,2009,Rabi       ,86611,320290,3.698029118703167,02
57,6893,0.0786,0.625,0.28257550000000003,0.13242179999999998,0.0175355,0.3928,0.625,0.2561,0.0786,0.1637,KOTA,2010,Rabi       ,91999,325222,3.535060163697432,02
59,6893,0.0903,0.6951,0.333424,0.158084,0.0249905,0.4694,0.6951,0.3097,0.0903,0.1862,KOTA,2011,Rabi       ,115280,411409,3.5687803608605133,02
61,6893,0.051,0.6307,0.3205322,0.129277,0.0167125,0.4319,0.6307,0.3216,0.051,0.1986,KOTA,2012,Rabi       ,111785,467738,4.18426443619448,02
63,6893,0.0843,0.6779999999999999,0.3579792,0.15372579999999997,0.0236316,0.496,0.6779999999999999,0.3472,0.0843,0.2129,KOTA,2013,Rabi       ,127996,541271,4.228811837869934,02
65,6893,0.0134,0.7483,0.40175,0.1791053,0.0320787,0.5585,0.7483,0.4054,0.0134,0.2325,KOTA,2014,Rabi       ,138008,553604,4.011390644020636,02
67,6893,-0.0207,0.6592,0.35390040000000006,0.1530963,0.023438499999999998,0.4897,0.6592,0.3559,-0.0207,0.2141,KOTA,2015,Rabi       ,135748,279120,2.056162890060995,02
69,6893,0.0632,0.7013,0.33980720000000003,0.1463799,0.021427099999999998,0.4709,0.7013,0.337,0.0632,0.1989,KOTA,2016,Rabi       ,120081,468840,3.9043645539261003,02
71,6893,0.052000000000000005,0.6857,0.358873,0.1505319,0.0226599,0.4991,0.6857,0.3576,0.052000000000000005,0.2147,KOTA,2017,Rabi       ,141604,622806,4.398223214033502,02
73,6893,0.069,0.6457,0.33236540000000003,0.15104089999999998,0.022813299999999998,0.4686,0.6457,0.3248,0.069,0.188,KOTA,2018,Rabi       ,120490,502518,4.1706199684621135,02
75,6893,0.0547,0.7316,0.40448590000000006,0.16902899999999998,0.028570799999999997,0.5613,0.7316,0.4123,0.0547,0.2427,KOTA,2019,Rabi       ,142148,666856,4.691279511495061,02
77,21134,0.0268,0.5265,0.1454615,0.0624351,0.0038981000000000003,0.1673,0.2648,0.1226,0.0268,0.1023,NAGAUR,2001,Rabi       ,91912,184326,2.00546174601793,02
79,21134,-0.0424,0.5152,0.1515338,0.0697434,0.0048641000000000005,0.170475,0.2658,0.1247,0.0155,0.1068,NAGAUR,2002,Rabi       ,69514,179307,2.5794372356647584,02
81,21134,-0.0536,0.5619,0.1345689,0.07098739999999999,0.0050392,0.1512,0.2432,0.1072,0.0052,0.0898,NAGAUR,2003,Rabi       ,85412,189465,2.218248021355313,02
83,21133,-0.0684,0.5341,0.1644631,0.076891,0.0059122,0.1891,0.3045,0.1359,-0.001,0.1121,NAGAUR,2004,Rabi       ,74768,201871,2.6999652257650335,02
85,21134,0.0225,0.5092,0.156801,0.0832837,0.006936199999999999,0.185575,0.3155,0.1231,0.0225,0.0989,NAGAUR,2005,Rabi       ,69640,141396,2.0303848363009767,02
87,21134,0.0325,0.5157,0.15076470000000003,0.0683824,0.0046762,0.170175,0.2668,0.1237,0.0325,0.1057,NAGAUR,2006,Rabi       ,71316,163469,2.2921784732738795,02
89,21134,0.0101,0.5159,0.1438511,0.080364,0.0064584,0.1624,0.2675,0.1163,0.0101,0.0923,NAGAUR,2007,Rabi       ,76384,165160,2.162232928361961,02
91,21134,0.0234,0.534,0.15392820000000002,0.0785034,0.0061628,0.1684,0.2635,0.1241,0.0234,0.105,NAGAUR,2008,Rabi       ,79567,161304,2.02727261301796,02
93,21134,-0.0519,0.5564,0.1456589,0.069069,0.0047705,0.1591,0.2435,0.1226,0.0225,0.1028,NAGAUR,2009,Rabi       ,67100,173274,2.582324888226528,02
95,21134,0.0243,0.5331,0.13726839999999998,0.07218939999999999,0.0052113,0.1476,0.2277,0.1088,0.0243,0.0942,NAGAUR,2010,Rabi       ,77165,194171,2.5163092075422795,02
97,21130,-0.0734,0.5461,0.1750421,0.08561239999999999,0.0073295,0.2139,0.3705,0.1495,-0.0391,0.1095,NAGAUR,2011,Rabi       ,77362,194987,2.520449316201753,02
99,21134,-0.026000000000000002,0.5117,0.15668089999999998,0.0566125,0.0032049999999999995,0.1679,0.2313,0.1411,0.0629,0.1256,NAGAUR,2012,Rabi       ,56807,142524,2.5089161546992447,02
101,21115,-0.077,0.5931,0.1739037,0.08474730000000001,0.007182099999999999,0.2048,0.3377,0.146,-0.0167,0.1161,NAGAUR,2013,Rabi       ,83768,212344,2.534905930665648,02
103,21134,0.0078,0.565,0.1851132,0.08177519999999999,0.0066872,0.2261,0.3787,0.16215,0.0078,0.1243,NAGAUR,2014,Rabi       ,75548,189555,2.509067083178906,02
105,21134,-0.006,0.5301,0.1622495,0.0673087,0.0045305,0.1844,0.2844,0.1389,0.0283,0.1177,NAGAUR,2015,Rabi       ,71637,161510,2.2545611904462777,02
107,21134,0.0169,0.5720000000000001,0.1640677,0.06854110000000001,0.0046979,0.182075,0.2708,0.141,0.0347,0.1229,NAGAUR,2016,Rabi       ,60279,160235,2.658222598251464,02
109,21134,0.027999999999999997,0.5446,0.1689767,0.07365010000000001,0.0054243,0.2014,0.3301,0.1444,0.027999999999999997,0.1156,NAGAUR,2017,Rabi       ,64949,165199,2.5435187608739165,02
111,21134,-0.0012,0.49700000000000005,0.16064489999999998,0.05802430000000001,0.0033668,0.1774,0.2584,0.1445,0.0439,0.1234,NAGAUR,2018,Rabi       ,53677,142533,2.6553831249883557,02
113,21134,0.0191,0.5433,0.1632766,0.0667242,0.0044521000000000005,0.1841,0.2805,0.14375,0.0257,0.1198,NAGAUR,2019,Rabi       ,51378,145883,2.839405971427459,02
115,14971,-0.0474,0.5820000000000001,0.15238310000000002,0.0381989,0.0014592000000000001,0.161,0.2075,0.1424,0.0835,0.13,PALI,2001,Rabi       ,51527,74074,1.4375764162477924,02
117,14971,-0.0752,0.6381,0.1757819,0.0525385,0.0027603000000000003,0.1874,0.2528,0.1602,0.0857,0.1438,PALI,2002,Rabi       ,68178,113534,1.665258587814251,02
119,14971,0.0672,0.4308,0.13143039999999998,0.030069,0.0009041,0.1401,0.1789,0.1263,0.0756,0.1142,PALI,2003,Rabi       ,29431,61032,2.0737317794162617,02
121,14970,-0.0339,0.4702,0.1720319,0.036573699999999994,0.0013376,0.1853,0.2411,0.1639,0.0989,0.1481,PALI,2004,Rabi       ,38801,79685,2.0536841833973347,02
123,14971,0.0215,0.4749,0.1500922,0.030861400000000004,0.0009524,0.162,0.2094,0.1446,0.0841,0.1304,PALI,2005,Rabi       ,25553,43649,1.7081751653426211,02
125,14971,-0.0276,0.4823,0.158343,0.0332945,0.0011085000000000001,0.1689,0.2151,0.1507,0.0954,0.1381,PALI,2006,Rabi       ,28652,37038,1.2926846293452463,02
127,14971,-0.0406,0.6612,0.18282520000000002,0.05755219999999999,0.0033123000000000007,0.2014,0.2869,0.1684,0.0587,0.1443,PALI,2007,Rabi       ,77550,149111,1.9227724049000643,02
129,14971,-0.0307,0.6929,0.18708339999999998,0.06802910000000001,0.004628,0.203,0.2924,0.1666,0.0542,0.1433,PALI,2008,Rabi       ,69452,131968,1.900132465587744,02
131,14971,0.0493,0.5012,0.1455475,0.0274168,0.0007517,0.1553,0.195,0.1405,0.0893,0.1288,PALI,2009,Rabi       ,30185,51077,1.692131853569654,02
133,14971,-0.0181,0.3942,0.1374349,0.027906599999999997,0.0007788,0.15045,0.1986,0.1318,0.0709,0.1183,PALI,2010,Rabi       ,24350,48213,1.98,02
135,14971,-0.0132,0.5736,0.2078074,0.0635076,0.0040332,0.2312,0.3284,0.1935,0.0733,0.1664,PALI,2011,Rabi       ,80115,145154,1.8118205080197216,02
137,14971,-0.0203,0.5123,0.1887878,0.0519168,0.0026954,0.2064,0.2842,0.1755,0.0773,0.1544,PALI,2012,Rabi       ,48464,107092,2.209722680752724,02
139,14971,-0.0195,0.7183,0.21104479999999998,0.0649253,0.0042153,0.2372,0.3432,0.1969,0.0804,0.1665,PALI,2013,Rabi       ,57098,144534,2.5313320956951206,02
141,14971,0.0378,0.5503,0.19244470000000002,0.0483889,0.0023415,0.2121,0.2913,0.1812,0.0851,0.1593,PALI,2014,Rabi       ,47446,129758,2.734856468406188,02
143,14971,-0.0126,0.6164,0.18697439999999999,0.0456575,0.0020846,0.2066,0.2835,0.1774,0.0846,0.1553,PALI,2015,Rabi       ,49826,99960,2.006181511660579,02
145,14971,-0.0082,0.6164,0.19757149999999998,0.06527190000000001,0.0042604,0.2178,0.3135,0.1815,0.0692,0.154,PALI,2016,Rabi       ,61193,157499,2.573807461637769,02
147,14969,-0.0511,0.6033,0.22270879999999998,0.0679788,0.0046211,0.2489,0.3568,0.2069,0.0703,0.1769,PALI,2017,Rabi       ,92531,265876,2.8733721671655985,02
149,14971,-0.0428,0.6028,0.2182839,0.06913380000000001,0.0047795,0.2404,0.3418,0.2,0.0772,0.1728,PALI,2018,Rabi       ,82074,216513,2.6380217852182177,02
151,14971,0.02,0.5463,0.18740679999999998,0.0470345,0.0022122,0.2065,0.2831,0.179,0.0813,0.1554,PALI,2019,Rabi       ,50085,146542,2.9258660277528197,02
153,5703,0.066,0.4222,0.1335675,0.0236543,0.0005595,0.145,0.1846,0.1303,0.0812,0.1183,RAJSAMAND,2001,Rabi       ,3342,7208,2.1567923399162177,02
155,5703,0.0127,0.4879,0.1666341,0.037088199999999995,0.0013755,0.17645,0.2232,0.1597,0.0982,0.1451,RAJSAMAND,2002,Rabi       ,15369,42099,2.7392153035330864,02
157,5703,0.0487,0.3872,0.1277634,0.0203771,0.0004152,0.1386,0.1729,0.1261,0.0803,0.115,RAJSAMAND,2003,Rabi       ,1482,3158,2.1309041835357623,02
159,5703,0.0809,0.4235,0.1561227,0.026916200000000005,0.0007245,0.1673,0.2079,0.1517,0.0999,0.14,RAJSAMAND,2004,Rabi       ,5376,15020,2.7938988095238093,02
161,5703,0.0838,0.4449,0.15083829999999998,0.0275512,0.0007591,0.1626,0.2065,0.1453,0.0957,0.13325,RAJSAMAND,2005,Rabi       ,3293,9348,2.8387488612207714,02
163,5703,-0.0094,0.5838,0.1832925,0.0426395,0.0018180999999999998,0.1939,0.2456,0.1739,0.1082,0.1594,RAJSAMAND,2006,Rabi       ,16323,45077,2.7615634380934884,02
165,5703,-0.0194,0.6274,0.2141687,0.0602544,0.0036306,0.2301,0.3084,0.1982,0.1055,0.17785,RAJSAMAND,2007,Rabi       ,36704,116996,3.1875544899738446,02
167,5703,-0.0201,0.5875,0.2046083,0.05847,0.0034186999999999998,0.2218,0.3016,0.1902,0.09300000000000001,0.1684,RAJSAMAND,2008,Rabi       ,34420,107093,3.1113596746077863,02
169,5703,-0.0031,0.4522,0.1527701,0.0332369,0.0011047000000000001,0.1661,0.2177,0.1465,0.0803,0.13165,RAJSAMAND,2009,Rabi       ,12069,26966,2.2343193305161986,02
171,5703,0.0509,0.5041,0.14733220000000002,0.027763299999999998,0.0007708,0.1596,0.2033,0.1428,0.0875,0.1303,RAJSAMAND,2010,Rabi       ,6461,16811,2.6019192075530104,02
173,5703,0.0116,0.6334,0.22881970000000001,0.0615773,0.0037918,0.2524,0.3471,0.2151,0.0945,0.1892,RAJSAMAND,2011,Rabi       ,31898,104462,3.2748761677848144,02
175,5703,-0.0049,0.5294,0.2159,0.0483093,0.0023338,0.2341,0.3069,0.2059,0.1129,0.18555,RAJSAMAND,2012,Rabi       ,32314,100979,3.124930370737142,02
177,5703,-0.0174,0.58,0.2322298,0.053138599999999994,0.0028236999999999997,0.25355,0.3356,0.2213,0.1171,0.1987,RAJSAMAND,2013,Rabi       ,33480,110290,3.294205495818399,02
179,5703,-0.0088,0.5609,0.2089426,0.0588101,0.0034586,0.2304,0.3209,0.1933,0.0931,0.1697,RAJSAMAND,2014,Rabi       ,30675,89919,2.931344743276284,02
181,5703,0.021,0.5894,0.2057107,0.0538374,0.0028985,0.2224,0.2985,0.1936,0.1018,0.17165,RAJSAMAND,2015,Rabi       ,29541,69577,2.3552689482414277,02
183,5703,0.0286,0.4927,0.1936101,0.042213099999999996,0.0017819000000000003,0.20895,0.2717,0.1853,0.1044,0.16699999999999998,RAJSAMAND,2016,Rabi       ,25946,71148,2.74215678717336,02
185,5703,-0.0301,0.5875,0.2211823,0.0649989,0.004224899999999999,0.2415,0.3333,0.2023,0.0944,0.1803,RAJSAMAND,2017,Rabi       ,32458,105559,3.252172037710272,02
187,5703,-0.0146,0.5487,0.21328899999999998,0.057519799999999996,0.0033085000000000002,0.23035,0.3102,0.1973,0.0986,0.1771,RAJSAMAND,2018,Rabi       ,34327,112397,3.274303026771929,02
189,5703,0.0215,0.506,0.1963826,0.046621499999999996,0.0021736,0.2114,0.27899999999999997,0.1843,0.0991,0.1663,RAJSAMAND,2019,Rabi       ,22479,66677,2.9661906668446107,02
191,5783,0.07400000000000001,0.6374,0.231625,0.0894822,0.0080071,0.28615,0.474,0.2057,0.07400000000000001,0.1609,SAWAI MADHOPUR,2001,Rabi       ,66197,111612,1.6860582805867337,02
193,5783,0.0307,0.6028,0.2662172,0.102133,0.010431200000000002,0.34275,0.586,0.2489,0.0307,0.1782,SAWAI MADHOPUR,2002,Rabi       ,62102,116887,1.8821777076422657,02
195,5783,0.0516,0.6336,0.18970279999999998,0.08567469999999999,0.007340100000000001,0.22555,0.3711,0.1601,0.0516,0.1284,SAWAI MADHOPUR,2003,Rabi       ,54227,82843,1.5277075995352867,02
197,5783,0.0601,0.5770000000000001,0.2617645,0.09637530000000001,0.0092882,0.3302,0.5564,0.2525,0.0601,0.1788,SAWAI MADHOPUR,2004,Rabi       ,60948,130252,2.1371004790969352,02
199,5783,0.0578,0.6014,0.2774747,0.1033263,0.0106763,0.35095,0.5755,0.27399999999999997,0.0578,0.1843,SAWAI MADHOPUR,2005,Rabi       ,44021,78218,1.7768337838758774,02
201,5783,0.0563,0.5866,0.2610628,0.0942744,0.0088877,0.32425,0.5307,0.2427,0.0563,0.18445,SAWAI MADHOPUR,2006,Rabi       ,44491,90111,2.0253759187251354,02
203,5783,0.047,0.5779,0.2322856,0.0925103,0.0085581,0.28855,0.4797,0.2028,0.047,0.161,SAWAI MADHOPUR,2007,Rabi       ,42351,118521,2.798540766451796,02
205,5783,0.0483,0.6194,0.25050229999999996,0.10219919999999999,0.0104447,0.31775,0.5405,0.2182,0.0483,0.16845,SAWAI MADHOPUR,2008,Rabi       ,45688,118179,2.586652950446507,02
207,5783,0.0602,0.6347,0.27012909999999996,0.0993594,0.0098723,0.3327,0.5486,0.256,0.0602,0.1881,SAWAI MADHOPUR,2009,Rabi       ,53450,164400,3.0757717492984096,02
209,5783,0.0786,0.5883,0.27084309999999995,0.0948966,0.0090054,0.3361,0.5552,0.2684,0.0786,0.18735,SAWAI MADHOPUR,2010,Rabi       ,61185,213165,3.4839421426820296,02
211,5783,-0.0177,0.7293,0.36286209999999997,0.1218221,0.0148406,0.4527,0.7293,0.3786,-0.0177,0.25585,SAWAI MADHOPUR,2011,Rabi       ,84191,291368,3.460797472413916,02
213,5783,-0.09,0.5901,0.2884604,0.0934437,0.0087317,0.3563,0.5714,0.2876,0.0593,0.2086,SAWAI MADHOPUR,2012,Rabi       ,70125,230402,3.285590017825312,02
215,5783,-0.0038,0.6382,0.34477559999999996,0.1104269,0.0121941,0.4321,0.6382,0.3518,-0.0038,0.24345,SAWAI MADHOPUR,2013,Rabi       ,70003,229909,3.2842735311343803,02
217,5780,-0.0065,0.6977,0.3664186,0.12114200000000001,0.0146754,0.459725,0.6977,0.38875,-0.0065,0.263,SAWAI MADHOPUR,2014,Rabi       ,77203,218377,2.8286076965921008,02
219,5782,0.0148,0.6423,0.33782840000000003,0.10966569999999999,0.0120266,0.4225,0.6423,0.3475,0.0148,0.245825,SAWAI MADHOPUR,2015,Rabi       ,82257,271260,3.2977132645246,02
221,5783,0.0525,0.6275,0.3180808,0.1170766,0.0137069,0.41835,0.6275,0.3172,0.0525,0.20905,SAWAI MADHOPUR,2016,Rabi       ,69313,230484,3.3252636590538573,02
223,5782,-0.0509,0.6718,0.33880040000000006,0.1102423,0.0121534,0.417475,0.6718,0.3487,-0.0072,0.2454,SAWAI MADHOPUR,2017,Rabi       ,85337,350076,4.1022768552913735,02
225,5783,0.0915,0.6403,0.27802259999999995,0.11663599999999999,0.013604,0.364,0.6403,0.2595,0.0915,0.171,SAWAI MADHOPUR,2018,Rabi       ,64273,251725,3.916496818259611,02
227,5783,-0.0471,0.6704,0.3890019,0.1271343,0.0161631,0.49305,0.6704,0.4104,-0.0225,0.27855,SAWAI MADHOPUR,2019,Rabi       ,70181,300227,4.277895726763654,02
229,9382,0.0786,0.4834,0.1905078,0.0766543,0.005875899999999999,0.246475,0.4238,0.1741,0.0786,0.1258,SIKAR,2001,Rabi       ,86767,171194,1.9730312215473624,02
231,9382,0.0747,0.5443,0.2114355,0.0926535,0.0085847,0.282,0.4918,0.19065,0.0747,0.1314,SIKAR,2002,Rabi       ,82086,269379,3.2816680067246544,02
233,9382,0.0738,0.5645,0.2027473,0.1047788,0.0109786,0.2824,0.5246,0.16955,0.0738,0.1133,SIKAR,2003,Rabi       ,84627,247138,2.92032093776218,02
235,9379,-0.0913,0.5228,0.2141899,0.0972755,0.0094625,0.29045,0.5228,0.1936,-0.0913,0.131,SIKAR,2004,Rabi       ,86844,229255,2.6398484639123025,02
237,9382,0.0742,0.5049,0.21417199999999997,0.0997235,0.0099448,0.2963,0.5049,0.1945,0.0742,0.1269,SIKAR,2005,Rabi       ,86650,266724,3.0781765724177728,02
239,9382,0.077,0.5258,0.2056857,0.0862437,0.007437999999999999,0.2689,0.4736,0.1885,0.077,0.132225,SIKAR,2006,Rabi       ,84607,215361,2.545427683288617,02
241,9382,0.0593,0.5753,0.20921660000000003,0.1039809,0.010812,0.29255,0.5271,0.18075,0.0593,0.1206,SIKAR,2007,Rabi       ,84349,267674,3.1734104731532087,02
243,9382,0.0779,0.4838,0.2002891,0.09146950000000001,0.0083667,0.27405,0.4838,0.1686,0.0779,0.1211,SIKAR,2008,Rabi       ,85200,170924,2.006150234741784,02
245,9382,0.0817,0.5479999999999999,0.22208160000000002,0.10569110000000001,0.011170600000000001,0.3034,0.5479999999999999,0.19495,0.0817,0.1338,SIKAR,2009,Rabi       ,85657,250455,2.92392915932148,02
247,9382,0.0632,0.4955,0.1946146,0.1015978,0.0103221,0.277875,0.4955,0.15575,0.0632,0.1078,SIKAR,2010,Rabi       ,90628,301181,3.3232665401421198,02
249,9382,0.0881,0.5936,0.26664790000000005,0.113354,0.012849100000000002,0.360275,0.5936,0.2656,0.0881,0.1638,SIKAR,2011,Rabi       ,100483,343783,3.421305096384463,02
251,9382,0.0885,0.5158,0.227671,0.08620080000000001,0.0074306,0.293575,0.5,0.2075,0.0885,0.1547,SIKAR,2012,Rabi       ,100080,292553,2.923191446842526,02
253,9382,-0.0024,0.5994,0.24214899999999998,0.113389,0.0128571,0.33715,0.5994,0.21805,-0.0024,0.146025,SIKAR,2013,Rabi       ,100128,327293,3.2687460051134547,02
255,9382,0.0891,0.6175,0.2565973,0.1180711,0.013940799999999998,0.3552,0.6175,0.2371,0.0891,0.150125,SIKAR,2014,Rabi       ,101345,331358,3.2696038285065865,02
257,9382,0.0876,0.5434,0.2259925,0.100685,0.0101375,0.3123,0.5434,0.1957,0.0876,0.142025,SIKAR,2015,Rabi       ,99558,347485,3.4902770244480603,02
259,9382,0.0725,0.4861,0.2104464,0.0925697,0.0085692,0.2861,0.4861,0.17600000000000002,0.0725,0.131925,SIKAR,2016,Rabi       ,92333,323185,3.5002111920981664,02
261,9382,0.0874,0.5396,0.2201167,0.0998362,0.009967299999999998,0.297275,0.5315,0.1876,0.0874,0.139425,SIKAR,2017,Rabi       ,92032,333627,3.6251195236439497,02
263,9382,0.0902,0.5148,0.2070731,0.0942333,0.0088799,0.276375,0.4909,0.1675,0.0902,0.1329,SIKAR,2018,Rabi       ,86085,285834,3.3203694023349017,02
265,9382,0.0892,0.5776,0.2247185,0.09272430000000001,0.0085978,0.292275,0.5003,0.1949,0.0892,0.1517,SIKAR,2019,Rabi       ,83288,321575,3.8610003842090097,02
267,6268,0.0517,0.4114,0.1522144,0.0405164,0.0016416,0.1659,0.2248,0.1413,0.0734,0.1262,SIROHI,2001,Rabi       ,15218,25630,1.684189775266132,02
269,6268,0.068,0.4938,0.17295510000000003,0.0485739,0.0023594,0.1885,0.2594,0.1582,0.0875,0.1412,SIROHI,2002,Rabi       ,22526,51029,2.265337831838764,02
271,6268,0.0564,0.4062,0.1383642,0.034313199999999995,0.0011774,0.1495,0.1987,0.1314,0.071,0.1167,SIROHI,2003,Rabi       ,10087,24429,2.421830078318628,02
273,6268,0.1037,0.5072,0.2058951,0.0495792,0.0024581,0.2244,0.3009,0.1925,0.1037,0.1733,SIROHI,2004,Rabi       ,26658,70468,2.643409107960087,02
275,6268,0.0898,0.4318,0.16912670000000002,0.0440185,0.0019375999999999998,0.1842,0.2503,0.1576,0.0898,0.1401,SIROHI,2005,Rabi       ,16300,30254,1.8560736196319016,02
277,6268,0.0036,0.4789,0.1965669,0.0499041,0.0024904,0.2156,0.2931,0.1844,0.1015,0.1638,SIROHI,2006,Rabi       ,27201,64336,2.365207161501415,02
279,6268,0.0683,0.5117,0.2243089,0.0625764,0.0039158000000000005,0.256625,0.3735,0.20935,0.0683,0.1787,SIROHI,2007,Rabi       ,46191,109237,2.3648979238379773,02
281,6268,0.0739,0.5523,0.2260045,0.06866839999999999,0.0047152999999999995,0.258325,0.3801,0.20495,0.0739,0.1771,SIROHI,2008,Rabi       ,39349,92695,2.3557142494091337,02
283,6268,0.0775,0.4729,0.1732009,0.0464579,0.0021583,0.192,0.2679,0.1606,0.0775,0.1414,SIROHI,2009,Rabi       ,24790,52778,2.129003630496168,02
285,6268,0.0786,0.4307,0.1670104,0.0433871,0.0018824000000000002,0.1811,0.2433,0.15625,0.0786,0.1396,SIROHI,2010,Rabi       ,18016,44115,2.4486567495559504,02
287,6268,0.0517,0.5618,0.2528032,0.0735793,0.005413899999999999,0.2939,0.4379,0.2357,0.0883,0.1979,SIROHI,2011,Rabi       ,39045,114373,2.9292611089768217,02
289,6268,0.0533,0.4851,0.23161170000000003,0.061709400000000005,0.0038080999999999996,0.260725,0.3706,0.2162,0.0785,0.1873,SIROHI,2012,Rabi       ,37254,101128,2.714554141837118,02
291,6268,-0.0469,0.5757,0.2460813,0.0698799,0.0048832,0.2766,0.3962,0.22695,0.0863,0.196675,SIROHI,2013,Rabi       ,35949,99139,2.757767949038916,02
293,6268,0.0904,0.5295,0.22348160000000003,0.0636961,0.0040571999999999995,0.25415,0.3707,0.2051,0.0904,0.1763,SIROHI,2014,Rabi       ,34035,94095,2.7646540326134863,02
295,6268,0.0348,0.4692,0.20773809999999998,0.0544533,0.0029652,0.2307,0.3222,0.1931,0.1018,0.1696,SIROHI,2015,Rabi       ,26851,62377,2.3230792149268185,02
297,6268,0.0405,0.5149,0.2384831,0.0673435,0.0045351,0.270525,0.3927,0.22155,0.0677,0.1889,SIROHI,2016,Rabi       ,34226,91608,2.6765616782562964,02
299,6268,-0.0025,0.5079,0.2320172,0.0591786,0.0035021,0.2603,0.366,0.21815,0.0876,0.1896,SIROHI,2017,Rabi       ,37509,108650,2.8966381401796903,02
301,6268,0.0365,0.5246,0.236382,0.06454059999999999,0.0041655,0.274525,0.4074,0.2239,0.0561,0.1858,SIROHI,2018,Rabi       ,22239,66374,2.9845766446333015,02
303,6268,0.0734,0.5236,0.210166,0.061765999999999995,0.003815,0.23399999999999999,0.3306,0.19135,0.0734,0.1696,SIROHI,2019,Rabi       ,29066,87890,3.023807885501961,02
305,8849,-0.0279,0.5476,0.20014010000000002,0.0692161,0.0047909,0.23199999999999998,0.3533,0.1796,0.0303,0.1511,TONK,2001,Rabi       ,70478,108495,1.539416555520872,02
307,8847,-0.0457,0.5619,0.21660929999999998,0.0847321,0.0071795,0.2589,0.4162,0.1892,-0.0033,0.1539,TONK,2002,Rabi       ,60297,123635,2.0504336865847392,02
309,8849,-0.019,0.5769,0.15654279999999998,0.0613911,0.0037689,0.1617,0.2187,0.1394,0.0734,0.1237,TONK,2003,Rabi       ,39825,80975,2.033270558694288,02
311,8849,-0.013999999999999999,0.5312,0.2120772,0.0715557,0.0051202,0.243,0.3648,0.191,0.0439,0.1618,TONK,2004,Rabi       ,47241,124621,2.637983954615694,02
313,8838,-0.042,0.5707,0.252313,0.0896029,0.0080287,0.3136,0.5045,0.23665,-0.0046,0.1863,TONK,2005,Rabi       ,60615,169243,2.792097665594325,02
315,8822,-0.0425,0.5639,0.23660770000000003,0.08701239999999999,0.0075712,0.2868,0.462,0.2136,-0.005,0.17,TONK,2006,Rabi       ,54647,138646,2.5371200614855343,02
317,8813,-0.0365,0.5629,0.2131228,0.0935222,0.0087464,0.2668,0.4482,0.1754,-0.033,0.1458,TONK,2007,Rabi       ,63430,163346,2.5752167743969734,02
319,8835,-0.0365,0.5986,0.244617,0.11277809999999999,0.0127189,0.32395,0.5681,0.2026,-0.0365,0.1546,TONK,2008,Rabi       ,69961,175020,2.5016795071539857,02
321,8847,-0.0316,0.6299,0.23399789999999998,0.080376,0.006460300000000001,0.2708,0.41,0.2107,0.0428,0.1779,TONK,2009,Rabi       ,40643,105913,2.605934601284354,02
323,8849,-0.0013,0.5608,0.2032245,0.0797003,0.0063521,0.2429,0.3974,0.1836,-0.0013,0.1399,TONK,2010,Rabi       ,39926,106733,2.6732705505184597,02
325,8848,-0.0483,0.6142,0.31755520000000004,0.08703739999999999,0.0075755,0.3779,0.5621,0.31215,0.0719,0.2548,TONK,2011,Rabi       ,88632,284497,3.2098677678490843,02
327,8834,-0.0517,0.5467,0.2643052,0.07838769999999999,0.006144600000000001,0.318275,0.4834,0.25425,0.0406,0.2067,TONK,2012,Rabi       ,67431,233365,3.4607969628212545,02
329,8823,-0.0629,0.5846,0.3244292,0.0969092,0.0093914,0.4016,0.5846,0.3162,0.0279,0.2499,TONK,2013,Rabi       ,61769,211218,3.4194822645663683,02
331,8810,-0.027000000000000003,0.5969,0.35704980000000003,0.1012439,0.010250299999999999,0.4372,0.5969,0.36615,0.0581,0.285525,TONK,2014,Rabi       ,58416,200010,3.4238907148726376,02
333,8833,-0.0428,0.6023,0.3150872,0.09818389999999999,0.0096401,0.3881,0.6023,0.3127,0.0166,0.2392,TONK,2015,Rabi       ,66376,138758,2.0904845124743883,02
335,8831,-0.0337,0.5931,0.30344540000000003,0.1198944,0.0143747,0.4098,0.5931,0.2958,-0.0337,0.1949,TONK,2016,Rabi       ,51468,160971,3.127593844719049,02
337,8842,-0.0315,0.6718,0.3127724,0.10328720000000001,0.010668200000000001,0.3829,0.6068,0.3111,0.0086,0.2329,TONK,2017,Rabi       ,69184,250843,3.6257371646623495,02
339,8849,-0.0229,0.5760000000000001,0.26875040000000006,0.0987968,0.009760799999999998,0.3397,0.5655,0.2487,-0.0229,0.1882,TONK,2018,Rabi       ,45842,152773,3.3325989267483966,02
341,8849,-0.0341,0.6436,0.3228255,0.1018192,0.0103671,0.3975,0.6269,0.3025,0.0185,0.2435,TONK,2019,Rabi       ,40139,143883,3.584618450883181,02
343,15380,-0.0054,0.4311,0.15575050000000001,0.027424599999999997,0.0007521,0.1691,0.2151,0.1513,0.0931,0.1384,UDAIPUR,2001,Rabi       ,17488,38009,2.1734332113449217,02
345,15380,-0.0035,0.51,0.1757442,0.0424875,0.0018051999999999999,0.1905,0.2493,0.1685,0.0935,0.1511,UDAIPUR,2002,Rabi       ,38959,97378,2.499499473805796,02
347,15379,-0.0294,0.4493,0.1447193,0.0293001,0.0008585000000000001,0.1577,0.2037,0.1408,0.0813,0.127,UDAIPUR,2003,Rabi       ,16935,38743,2.2877472689695897,02
349,15380,0.004,0.4749,0.1831519,0.043061199999999994,0.0018543,0.2022,0.2752,0.1734,0.0814,0.153475,UDAIPUR,2004,Rabi       ,33804,82623,2.4441782037628683,02
351,15380,-0.0268,0.4996,0.1909949,0.04586919999999999,0.002104,0.20800000000000002,0.2747,0.1828,0.0971,0.1635,UDAIPUR,2005,Rabi       ,48549,160395,3.3037755669529756,02
353,15380,-0.0209,0.5079,0.20317539999999998,0.048199900000000004,0.0023232,0.224025,0.2993,0.1938,0.099,0.1738,UDAIPUR,2006,Rabi       ,67990,148568,2.1851448742462125,02
355,15375,-0.0398,0.542,0.2156757,0.0593788,0.0035258000000000004,0.2405,0.3347,0.2009,0.0844,0.1777,UDAIPUR,2007,Rabi       ,88904,217207,2.4431634122199224,02
357,15380,-0.0299,0.5297,0.2137215,0.0583,0.0033989000000000003,0.239525,0.3361,0.1994,0.0809,0.1751,UDAIPUR,2008,Rabi       ,79367,184713,2.327327478675016,02
359,15380,-0.025,0.4894,0.17795729999999998,0.0433904,0.0018827000000000002,0.192,0.2511,0.1699,0.0937,0.1526,UDAIPUR,2009,Rabi       ,41115,86645,2.107381734160282,02
361,15380,-0.0078,0.4919,0.1794654,0.04038030000000001,0.0016305999999999998,0.1932,0.2508,0.1714,0.1009,0.1548,UDAIPUR,2010,Rabi       ,32201,75366,2.340486320300612,02
363,15380,-0.0088,0.5655,0.2337359,0.0671045,0.004503,0.2673,0.387,0.2179,0.0694,0.1875,UDAIPUR,2011,Rabi       ,55118,131966,2.3942450742044343,02
365,15380,-0.0177,0.5451,0.23618649999999997,0.058779899999999996,0.0034551,0.2645,0.3647,0.2216,0.0993,0.1977,UDAIPUR,2012,Rabi       ,71948,201479,2.800341913604269,02
367,15379,-0.027999999999999997,0.5703,0.2417673,0.0642804,0.004132,0.2682,0.37,0.2269,0.0991,0.2003,UDAIPUR,2013,Rabi       ,72678,178517,2.456272874872726,02
369,15380,0.0005,0.621,0.2435522,0.0799096,0.0063855,0.2772,0.4093,0.2218,0.0648,0.1891,UDAIPUR,2014,Rabi       ,70717,200803,2.839529391801123,02
371,15380,-0.0129,0.5803,0.2306882,0.0680289,0.0046279,0.2593,0.3692,0.2128,0.0765,0.18600000000000003,UDAIPUR,2015,Rabi       ,76849,193315,2.515517443297896,02
373,15380,-0.0252,0.5567,0.2217823,0.06092809999999999,0.0037122,0.2474,0.3455,0.2072,0.0851,0.182,UDAIPUR,2016,Rabi       ,74822,210840,2.8178877870145143,02
375,15380,-0.0177,0.5772,0.2376126,0.07003580000000001,0.004905,0.2685,0.385,0.2173,0.0756,0.1907,UDAIPUR,2017,Rabi       ,80410,250975,3.1211913941052107,02
377,15380,-0.0152,0.5592,0.225852,0.06416709999999999,0.0041174,0.2556,0.3649,0.20800000000000002,0.0774,0.1827,UDAIPUR,2018,Rabi       ,80937,229859,2.8399743009995433,02
379,15380,-0.0195,0.5816,0.22244539999999996,0.0667958,0.0044617,0.243725,0.3378,0.2035,0.0871,0.18100000000000002,UDAIPUR,2019,Rabi       ,74793,217764,2.9115558942681803,02
381,10552,0.0483,0.5323,0.1517493,0.0424866,0.0018050999999999998,0.161,0.2113,0.1411,0.0778,0.127375,AJMER,2001,Rabi       ,34280,41829,1.2202158693115521,02
383,10552,0.0405,0.6173,0.16690660000000002,0.0515179,0.0026541,0.1785,0.2419,0.1521,0.0751,0.1362,AJMER,2002,Rabi       ,41551,75770,1.8235421530167744,02
385,10552,0.0398,0.5266,0.1237848,0.0307116,0.0009432,0.1319,0.1689,0.1185,0.0702,0.1072,AJMER,2003,Rabi       ,11244,23077,2.0523834934187124,02
387,10552,0.0555,0.542,0.1542734,0.0337143,0.0011367,0.1635,0.2071,0.1472,0.0908,0.1344,AJMER,2004,Rabi       ,21595,42225,1.9553137300301,02
389,10551,-0.036000000000000004,0.5461,0.1580453,0.0495399,0.0024541999999999997,0.1688,0.2287,0.1434,0.0708,0.1288,AJMER,2005,Rabi       ,25457,52533,2.0635974388183995,02
391,10552,-0.0201,0.5203,0.1583979,0.040701999999999995,0.0016567,0.1677,0.2158,0.1487,0.0876,0.1356,AJMER,2006,Rabi       ,23544,31307,1.3297230716955488,02
393,10548,-0.0286,0.5691,0.16482420000000003,0.0459743,0.0021135999999999998,0.17800000000000002,0.2393,0.1543,0.0759,0.1371,AJMER,2007,Rabi       ,30011,84048,2.8005731231881645,02
395,10552,-0.0066,0.5635,0.15526679999999998,0.042307800000000007,0.00179,0.1617,0.2044,0.1447,0.0906,0.1332,AJMER,2008,Rabi       ,21909,52373,2.3904787986672145,02
397,10552,0.03,0.5288,0.14866559999999998,0.0355685,0.0012651,0.1567,0.19699999999999998,0.1416,0.0902,0.1298,AJMER,2009,Rabi       ,16605,37499,2.258295694068052,02
399,10552,-0.0095,0.5202,0.12215319999999999,0.029635200000000004,0.0008782,0.1276,0.1559,0.1172,0.0804,0.1087,AJMER,2010,Rabi       ,8761,21653,2.4715215158086976,02
401,10552,-0.0129,0.6052,0.2253176,0.060255600000000006,0.0036306999999999993,0.2521,0.3536,0.2141,0.0832,0.1844,AJMER,2011,Rabi       ,64322,207905,3.2322533503311464,02
403,10552,-0.0276,0.5044,0.1993074,0.050584199999999996,0.0025588,0.215925,0.2896,0.18600000000000003,0.0948,0.1668,AJMER,2012,Rabi       ,46550,146725,3.151987110633727,02
405,10552,-0.0156,0.5951,0.2414096,0.06788839999999999,0.0046088,0.2756,0.3981,0.2275,0.0735,0.1939,AJMER,2013,Rabi       ,66027,219014,3.317036969724507,02
407,10552,-0.0158,0.5956,0.2607217,0.0872923,0.0076199,0.3165,0.5024,0.24445,0.0078,0.1923,AJMER,2014,Rabi       ,56000,193073,3.4477321428571432,02
409,10552,-0.0273,0.5834,0.2157206,0.0676074,0.0045708,0.243425,0.3535,0.19685,0.061,0.17,AJMER,2015,Rabi       ,62442,131969,2.113465295794497,02
411,10552,-0.0097,0.5669,0.1887719,0.0646944,0.0041854,0.199225,0.2705,0.1696,0.0812,0.1517,AJMER,2016,Rabi       ,42294,116787,2.761313661512271,02
413,10552,-0.0201,0.5992,0.2239161,0.0690278,0.0047648000000000005,0.2602,0.3892,0.2045,0.0492,0.174,AJMER,2017,Rabi       ,55466,185014,3.3356290340028125,02
415,10552,-0.0077,0.6011,0.1870265,0.0524303,0.0027489,0.1989,0.2617,0.1738,0.0942,0.1569,AJMER,2018,Rabi       ,40328,128011,3.174246181313232,02
417,10552,-0.0159,0.6038,0.2039015,0.0557832,0.0031118,0.2228,0.3042,0.1902,0.0875,0.168375,AJMER,2019,Rabi       ,34787,120782,3.4720441544255034,02
419,10187,0.0947,0.5886,0.32526309999999997,0.1276786,0.0163018,0.4395,0.5886,0.3413,0.0947,0.18995,ALWAR,2001,Rabi       ,202992,724108,3.5671750610861515,02
421,10187,0.0893,0.6532,0.345825,0.13657070000000002,0.018651499999999998,0.46665,0.6532,0.3754,0.0893,0.2009,ALWAR,2002,Rabi       ,174090,529816,3.0433453960595096,02
423,10187,0.0542,0.6661,0.3496663,0.1610067,0.025923200000000004,0.496,0.6661,0.382,0.0542,0.1694,ALWAR,2003,Rabi       ,181459,571450,3.1491962371665223,02
425,10187,0.0162,0.6056,0.3429567,0.12073679999999999,0.0145774,0.44315,0.6056,0.3718,0.0162,0.22415,ALWAR,2004,Rabi       ,188108,648794,3.4490505454313483,02
427,10187,0.0897,0.5923,0.35466859999999995,0.1205705,0.0145373,0.45695,0.5923,0.3864,0.0897,0.23465,ALWAR,2005,Rabi       ,157411,511753,3.2510625051616473,02
429,10187,0.0939,0.5743,0.3236384,0.11528219999999999,0.01329,0.42285,0.5743,0.3374,0.0939,0.20615,ALWAR,2006,Rabi       ,159468,492657,3.089378433290692,02
431,10187,0.0899,0.6458,0.34810009999999997,0.14023329999999998,0.019665400000000003,0.47345,0.6458,0.3773,0.0899,0.1976,ALWAR,2007,Rabi       ,180515,641964,3.55629172090962,02
433,10187,0.0647,0.643,0.340254,0.1350627,0.018241900000000002,0.4607,0.643,0.3613,0.0647,0.19399999999999998,ALWAR,2008,Rabi       ,191440,669054,3.4948495612202257,02
435,10187,0.0782,0.5935,0.3427405,0.1177618,0.0138678,0.4414,0.5935,0.3616,0.0782,0.2251,ALWAR,2009,Rabi       ,170172,688076,4.043414897868041,02
437,10187,0.0709,0.5889,0.3452562,0.1322904,0.017500799999999997,0.4617,0.5889,0.3858,0.0709,0.20745,ALWAR,2010,Rabi       ,192800,722874,3.7493464730290467,02
439,10187,0.0676,0.6533,0.40245970000000003,0.1303586,0.016993400000000002,0.511,0.6533,0.4465,0.0676,0.2751,ALWAR,2011,Rabi       ,193992,816059,4.206663161367478,02
441,10187,0.0834,0.701,0.3361763,0.11316489999999998,0.0128063,0.4309,0.701,0.3551,0.0834,0.2218,ALWAR,2012,Rabi       ,185167,727380,3.9282377529473393,02
443,10187,0.1025,0.6524,0.3951401,0.13014289999999998,0.016937200000000003,0.50465,0.6524,0.4252,0.1025,0.26325,ALWAR,2013,Rabi       ,204967,837412,4.085594266394104,02
445,10187,0.0965,0.6966,0.41264350000000005,0.1439944,0.020734400000000004,0.5292,0.6966,0.4468,0.0965,0.28275,ALWAR,2014,Rabi       ,208206,825344,3.964074042054504,02
447,10187,0.0928,0.6819,0.39649959999999995,0.14560789999999998,0.0212017,0.5247,0.6819,0.4369,0.0928,0.25395,ALWAR,2015,Rabi       ,219063,757957,3.459995526401081,02
449,10187,0.0712,0.5941,0.3445785,0.1347884,0.0181679,0.4659,0.5941,0.3756,0.0712,0.20265,ALWAR,2016,Rabi       ,213011,776427,3.645008943200117,02
451,10187,0.0537,0.6183,0.3709092,0.1215984,0.0147862,0.478,0.6183,0.3968,0.0537,0.2499,ALWAR,2017,Rabi       ,215678,941457,4.365104461280241,02
453,10187,0.0638,0.633,0.3497567,0.1384886,0.0191791,0.47655,0.633,0.3772,0.0638,0.2011,ALWAR,2018,Rabi       ,203829,875183,4.293711885943609,02
455,10187,0.1125,0.6645,0.3934765,0.1466546,0.021507599999999998,0.5234,0.6645,0.4357,0.1125,0.2441,ALWAR,2019,Rabi       ,192419,883624,4.592186842255702,02
457,6154,-0.0424,0.5249,0.161355,0.0745446,0.005556899999999999,0.179275,0.28,0.142,0.0131,0.11199999999999999,BANSWARA,2001,Rabi       ,35623,49590,1.3920781517558878,02
459,6154,-0.0396,0.5808,0.1815995,0.0924822,0.008553,0.21015,0.3442,0.15,-0.0108,0.1207,BANSWARA,2002,Rabi       ,55509,111895,2.0157992397629214,02
461,6156,-0.0407,0.6317,0.1654406,0.0882289,0.0077843,0.188125,0.3079,0.13915,-0.0043,0.1082,BANSWARA,2003,Rabi       ,49390,73141,1.4808868191941689,02
463,6147,-0.0373,0.6576,0.212736,0.1028562,0.0105794,0.25115,0.4093,0.1843,-0.0109,0.1456,BANSWARA,2004,Rabi       ,69513,140615,2.0228590335620678,02
465,6142,-0.0472,0.6939,0.2115752,0.1123279,0.0126176,0.2662,0.4697,0.1839,-0.0472,0.1305,BANSWARA,2005,Rabi       ,77545,160663,2.071867947643304,02
467,6154,-0.0498,0.6388,0.2140427,0.10260819999999998,0.010528399999999999,0.261,0.435,0.1868,-0.0285,0.145,BANSWARA,2006,Rabi       ,82190,162053,1.9716875532303202,02
469,6140,-0.0594,0.5645,0.21886599999999998,0.098886,0.0097784,0.2762,0.47200000000000003,0.1972,-0.0495,0.1456,BANSWARA,2007,Rabi       ,85835,160011,1.8641696277742181,02
471,6131,-0.0534,0.6518,0.2309176,0.1055114,0.011132600000000001,0.29,0.4949,0.2075,-0.0457,0.15335,BANSWARA,2008,Rabi       ,90801,183398,2.01977951784672,02
473,6149,-0.0546,0.5616,0.1970999,0.0962069,0.0092558,0.2329,0.3829,0.165,-0.0158,0.1329,BANSWARA,2009,Rabi       ,76116,118511,1.5569788217983078,02
475,6152,-0.0547,0.6403,0.22155820000000004,0.1126448,0.0126889,0.28215,0.4962,0.18745,-0.0547,0.1394,BANSWARA,2010,Rabi       ,80466,161762,2.010314915616534,02
477,6152,-0.0528,0.6846,0.2418419,0.1224027,0.014982399999999998,0.3121,0.5523,0.2024,-0.0528,0.1518,BANSWARA,2011,Rabi       ,86052,176322,2.0490168735183376,02
479,6149,-0.0392,0.6493,0.2457386,0.11007180000000001,0.0121158,0.308,0.5215,0.2201,-0.0392,0.1655,BANSWARA,2012,Rabi       ,87177,203751,2.337210502770226,02
481,6141,-0.0495,0.6958,0.2582789,0.1176965,0.0138525,0.3291,0.5674,0.2327,-0.0495,0.1696,BANSWARA,2013,Rabi       ,87975,186789,2.123205456095482,02
483,6147,-0.0322,0.7271,0.2897755,0.1204583,0.014510200000000001,0.3708,0.6298,0.2759,-0.0322,0.1966,BANSWARA,2014,Rabi       ,89620,202260,2.2568623075206427,02
485,6153,-0.0337,0.6184,0.2463806,0.1111529,0.012355,0.3147,0.5404,0.2215,-0.0337,0.1642,BANSWARA,2015,Rabi       ,88181,195462,2.216599947834568,02
487,6139,-0.0485,0.6568,0.2342946,0.1187886,0.0141107,0.29915,0.5267,0.2008,-0.0485,0.1474,BANSWARA,2016,Rabi       ,84533,170917,2.0218967740409077,02
489,6146,-0.0325,0.6463,0.2580124,0.1110789,0.0123385,0.3217,0.5393,0.2348,-0.0325,0.176325,BANSWARA,2017,Rabi       ,82693,168950,2.0430991740534266,02
491,6157,-0.0324,0.612,0.2507643,0.1111844,0.012362,0.3155,0.5365,0.2243,-0.0324,0.1681,BANSWARA,2018,Rabi       ,87368,205912,2.3568354546286967,02
493,6156,-0.0363,0.6999,0.280334,0.11860830000000001,0.0140679,0.350675,0.5873,0.258,-0.0363,0.192575,BANSWARA,2019,Rabi       ,101344,259066,2.5563032838648563,02
495,8381,0.0433,0.6228,0.2492453,0.09651439999999999,0.009315,0.3144,0.5269,0.2145,0.0433,0.1725,BARAN,2001,Rabi       ,89194,186595,2.0920129156669733,02
497,8381,0.0797,0.6393,0.2625655,0.1119685,0.012537000000000001,0.3468,0.5971,0.2218,0.0797,0.1694,BARAN,2002,Rabi       ,67650,211353,3.1242128603104216,02
499,8381,0.0052,0.6513,0.1984523,0.0877372,0.007697800000000001,0.2353,0.3785,0.1657,0.0052,0.1397,BARAN,2003,Rabi       ,39064,121097,3.0999641613762035,02
501,8381,-0.0178,0.5951,0.2638248,0.1121263,0.0125723,0.3536,0.5951,0.2342,-0.0178,0.16399999999999998,BARAN,2004,Rabi       ,55314,132471,2.394890986007159,02
503,8381,-0.0193,0.6461,0.26978909999999995,0.11748650000000001,0.0138031,0.3659,0.6461,0.2439,-0.0193,0.162,BARAN,2005,Rabi       ,55154,156111,2.8304565398701818,02
505,8381,0.0325,0.6348,0.2759374,0.11163789999999998,0.012463,0.3673,0.6348,0.2428,0.0325,0.1777,BARAN,2006,Rabi       ,65062,199521,3.0666287541114627,02
507,8380,0.0681,0.581,0.24935929999999998,0.0963985,0.009292700000000001,0.319325,0.5453,0.2243,0.0681,0.1657,BARAN,2007,Rabi       ,85963,311235,3.620569314705164,02
509,8381,0.0851,0.6253,0.2663078,0.11406760000000002,0.013011400000000001,0.3569,0.6253,0.2329,0.0851,0.1653,BARAN,2008,Rabi       ,106699,350036,3.280593070225588,02
511,8381,0.0132,0.5878,0.27260229999999996,0.1104675,0.012203100000000001,0.3655,0.5878,0.2572,0.0132,0.1671,BARAN,2009,Rabi       ,95802,346163,3.61331704974844,02
513,8381,0.0765,0.6159,0.2682972,0.11576989999999998,0.013402700000000002,0.3591,0.6159,0.2527,0.0765,0.1583,BARAN,2010,Rabi       ,105609,397171,3.760768495109319,02
515,8381,0.0767,0.7033,0.3087433,0.14049560000000003,0.019739,0.4146,0.7033,0.2811,0.0767,0.1778,BARAN,2011,Rabi       ,147930,514045,3.4749205705401205,02
517,8381,-0.0009,0.6651,0.30698190000000003,0.1245906,0.015522799999999998,0.415,0.6651,0.2966,-0.0009,0.1855,BARAN,2012,Rabi       ,142589,543296,3.8102237900539313,02
519,8381,0.0659,0.6731,0.3375259,0.138176,0.019092599999999998,0.4558,0.6731,0.3283,0.0659,0.2017,BARAN,2013,Rabi       ,167037,730536,4.37349808725013,02
521,8381,-0.006999999999999999,0.7374,0.3758689,0.1635488,0.026748200000000003,0.5184,0.7374,0.3824,-0.006999999999999999,0.2092,BARAN,2014,Rabi       ,162852,551485,3.3864183430353942,02
523,8381,0.0467,0.6784,0.33682870000000004,0.13382750000000002,0.0179098,0.4459,0.6784,0.3433,0.0467,0.2076,BARAN,2015,Rabi       ,174319,667888,3.8314125253127886,02
525,8381,-0.0146,0.7316,0.33209629999999996,0.1397744,0.019536900000000003,0.4568,0.7316,0.33,-0.0146,0.1913,BARAN,2016,Rabi       ,159434,670807,4.2074275248692246,02
527,8381,-0.0278,0.6528,0.3280648,0.13310120000000003,0.017715900000000003,0.4476,0.6528,0.3243,-0.0278,0.1947,BARAN,2017,Rabi       ,163267,740053,4.5327775974324265,02
529,8381,0.05,0.6559,0.302602,0.1307389,0.017092700000000002,0.4126,0.6559,0.2855,0.05,0.1783,BARAN,2018,Rabi       ,115747,535052,4.622599289830406,02
531,8381,0.0439,0.728,0.3825119,0.15723270000000003,0.024722099999999997,0.5262,0.728,0.3896,0.0439,0.223,BARAN,2019,Rabi       ,145939,724978,4.967678276540198,02
533,33745,0.0448,0.4779,0.09184060000000001,0.027018,0.00073,0.099,0.1323,0.0843,0.0448,0.0768,BARMER,2001,Rabi       ,15363,36898,2.40174445095359,02
535,33745,0.048,0.4464,0.10008049999999999,0.026414799999999995,0.0006977,0.1078,0.1418,0.0947,0.0511,0.0851,BARMER,2002,Rabi       ,12344,34477,2.7930168502916395,02
537,33743,0.0195,0.3809,0.0746582,0.027347700000000003,0.0007479,0.0809,0.1128,0.0656,0.0294,0.0596,BARMER,2003,Rabi       ,15840,42911,2.7090277777777776,02
539,33745,0.0412,0.4781,0.1292217,0.0324195,0.001051,0.14400000000000002,0.1984,0.1212,0.055999999999999994,0.1077,BARMER,2004,Rabi       ,13124,20140,1.5345931118561411,02
541,33745,0.0485,0.4537,0.0924382,0.030361000000000003,0.0009218,0.0989,0.1346,0.0858,0.0485,0.0751,BARMER,2005,Rabi       ,12389,23465,1.89401888772298,02
543,33745,0.0393,0.493,0.0899373,0.028864099999999997,0.0008330999999999999,0.0994,0.1391,0.0821,0.0393,0.0729,BARMER,2006,Rabi       ,12158,10900,0.8965290343806547,02
545,33743,-0.0406,0.4667,0.1208002,0.0337005,0.0011357000000000001,0.1339,0.1855,0.1133,0.0483,0.0995,BARMER,2007,Rabi       ,18400,29406,1.5981521739130435,02
547,33745,0.0381,0.5058,0.1008337,0.030670999999999997,0.0009407,0.1061,0.1388,0.0931,0.0519,0.0843,BARMER,2008,Rabi       ,13813,22050,1.5963223050749291,02
549,33745,0.0452,0.4719,0.09784169999999999,0.029381,0.0008632,0.1052,0.1412,0.0907,0.0452,0.0812,BARMER,2009,Rabi       ,11467,9986,0.8708467777099503,02
551,33745,0.0398,0.5336,0.09411599999999999,0.032558699999999996,0.0010600999999999998,0.0977,0.1293,0.0847,0.0454,0.0766,BARMER,2010,Rabi       ,15200,23127,1.5215131578947367,02
553,33744,-0.0281,0.5398,0.1238043,0.0372625,0.0013885,0.1355,0.1869,0.1132,0.0514,0.1012,BARMER,2011,Rabi       ,16732,24526,1.4658140090843892,02
555,33745,0.0169,0.4505,0.1280718,0.0232504,0.0005406,0.1357,0.16699999999999998,0.1243,0.0836,0.1148,BARMER,2012,Rabi       ,11659,14405,1.2355262029333562,02
557,33745,-0.0002,0.517,0.12098519999999999,0.036153,0.001307,0.1266,0.1635,0.1118,0.0654,0.102,BARMER,2013,Rabi       ,12613,17137,1.358677554903671,02
559,33745,0.0391,0.5075,0.1252027,0.03815,0.0014554,0.1392,0.1951,0.1177,0.0559,0.1019,BARMER,2014,Rabi       ,14020,20346,1.4512125534950069,02
561,33745,0.0219,0.4188,0.11500410000000001,0.0398444,0.0015876,0.1298,0.1934,0.1073,0.0516,0.0874,BARMER,2015,Rabi       ,13525,14091,1.0418484288354901,02
563,33745,-0.0287,0.4386,0.1251538,0.0358853,0.0012878,0.1323,0.1731,0.1158,0.0643,0.1051,BARMER,2016,Rabi       ,14642,20510,1.4007649228247507,02
565,33745,0.0032,0.4628,0.1217781,0.0411429,0.0016926999999999999,0.1338,0.1906,0.1078,0.0452,0.0959,BARMER,2017,Rabi       ,17612,21638,1.2285941403588465,02
567,33745,-0.0428,0.4187,0.1319971,0.0397686,0.0015815,0.14800000000000002,0.2114,0.1217,0.0492,0.1057,BARMER,2018,Rabi       ,14541,21974,1.5111752974348394,02
569,33745,0.0164,0.5313,0.10887480000000001,0.0409968,0.0016807000000000002,0.1205,0.1775,0.0985,0.0321,0.0825,BARMER,2019,Rabi       ,16188,27939,1.7259080800593032,02
571,6305,0.1203,0.6393,0.37618,0.11304360000000002,0.0127789,0.4603,0.6393,0.3994,0.1203,0.307,BHARATPUR,2001,Rabi       ,171639,605340,3.5268208274343245,02
573,6305,0.1055,0.6834,0.406803,0.11178579999999999,0.0124961,0.4862,0.6834,0.4375,0.155,0.3536,BHARATPUR,2002,Rabi       ,139114,473505,3.4037192518366237,02
575,6305,0.1013,0.6774,0.37983540000000005,0.1208329,0.0146006,0.4708,0.6774,0.4016,0.1013,0.3122,BHARATPUR,2003,Rabi       ,143611,472145,3.287665986588771,02
577,6305,0.1077,0.6359,0.3746261,0.097523,0.009510700000000002,0.4408,0.5962,0.4016,0.1819,0.3371,BHARATPUR,2004,Rabi       ,142184,535114,3.7635317616609454,02
579,6305,0.1083,0.6314,0.39700250000000004,0.1039307,0.0108016,0.46799999999999997,0.6314,0.4297,0.1816,0.3534,BHARATPUR,2005,Rabi       ,111319,324549,2.9154861254592657,02
581,6305,0.08800000000000001,0.6025,0.3695733,0.0971219,0.0094327,0.43799999999999994,0.6025,0.3909,0.1456,0.321,BHARATPUR,2006,Rabi       ,119191,446796,3.7485716203404618,02
583,6305,0.1072,0.6121,0.38016869999999997,0.1161461,0.0134899,0.4708,0.6121,0.4084,0.1072,0.3071,BHARATPUR,2007,Rabi       ,147831,491178,3.3225642794813,02
585,6305,0.0919,0.6262,0.3908989,0.1190532,0.0141737,0.4843,0.6262,0.4183,0.0919,0.3152,BHARATPUR,2008,Rabi       ,157414,522525,3.3194315626310242,02
587,6305,0.0843,0.6237,0.3501864,0.0901567,0.0081282,0.4134,0.5695,0.3664,0.1454,0.3062,BHARATPUR,2009,Rabi       ,133758,551718,4.12474767864352,02
589,6305,0.1014,0.606,0.3839493,0.09882,0.0097654,0.4509,0.606,0.4069,0.1876,0.3455,BHARATPUR,2010,Rabi       ,160732,630274,3.9212726775004354,02
591,6305,0.1031,0.6488,0.4600094,0.1124662,0.0126487,0.5344,0.6488,0.4945,0.2767,0.4313,BHARATPUR,2011,Rabi       ,157196,704731,4.4831357031985535,02
593,6305,0.0948,0.6836,0.39531020000000006,0.10385430000000001,0.0107857,0.46399999999999997,0.6333,0.4161,0.1812,0.3508,BHARATPUR,2012,Rabi       ,155304,668993,4.307635347447587,02
595,6305,0.0733,0.7037,0.4207996,0.10380879999999999,0.010776299999999999,0.4902,0.6432,0.4474,0.2323,0.387,BHARATPUR,2013,Rabi       ,134784,588118,4.36341108736942,02
597,6305,0.0779,0.6905,0.45488019999999996,0.11409089999999998,0.0130167,0.5307,0.6905,0.4823,0.2472,0.4173,BHARATPUR,2014,Rabi       ,155130,668117,4.306820086379166,02
599,6305,0.0659,0.6802,0.45343500000000003,0.1185944,0.014064600000000002,0.5361,0.6802,0.4902,0.2184,0.409,BHARATPUR,2015,Rabi       ,165751,604169,3.6450398489300215,02
601,6305,0.0475,0.6826,0.4128678,0.11410219999999999,0.013019299999999998,0.4917,0.6826,0.4491,0.1735,0.3644,BHARATPUR,2016,Rabi       ,160073,610124,3.8115359867060654,02
603,6305,0.0587,0.6551,0.4064759,0.10570750000000001,0.0111741,0.48100000000000004,0.6551,0.4337,0.1687,0.35600000000000004,BHARATPUR,2017,Rabi       ,160510,713881,4.4475795900566935,02
605,6305,0.0723,0.6707,0.4067947,0.1223634,0.014972799999999998,0.5007,0.6707,0.4377,0.0723,0.3286,BHARATPUR,2018,Rabi       ,156374,661118,4.22780001790579,02
607,6305,0.0778,0.732,0.4782415,0.119449,0.0142681,0.5563,0.7052,0.5163,0.2723,0.4427,BHARATPUR,2019,Rabi       ,142726,675635,4.733790619788966,02
609,12647,0.0479,0.5651,0.1636727,0.0504468,0.0025449,0.1734,0.2314,0.1511,0.0795,0.1347,BHILWARA,2001,Rabi       ,50381,95371,1.892995375240666,02
611,12647,0.0243,0.5937,0.19500520000000002,0.06638739999999999,0.0044073,0.2158,0.3105,0.1737,0.057999999999999996,0.1526,BHILWARA,2002,Rabi       ,87685,193310,2.2045959970348408,02
613,12647,0.0417,0.5481,0.14015229999999998,0.0423787,0.001796,0.1481,0.1929,0.132,0.0735,0.11800000000000001,BHILWARA,2003,Rabi       ,24416,50783,2.079906618610747,02
615,12647,0.0447,0.5619,0.1696785,0.05475650000000001,0.0029983,0.17995,0.2428,0.1556,0.0772,0.138,BHILWARA,2004,Rabi       ,46401,76846,1.6561281006874853,02
617,12646,-0.0365,0.535,0.20092279999999998,0.0706574,0.0049924999999999995,0.2324,0.3547,0.17925,0.0325,0.1508,BHILWARA,2005,Rabi       ,83389,215568,2.585089160440825,02
619,12647,-0.0022,0.5549,0.1874251,0.0564757,0.0031895,0.20295,0.2784,0.1716,0.0799,0.1526,BHILWARA,2006,Rabi       ,55997,118408,2.1145418504562743,02
621,12644,-0.0102,0.5972,0.2238619,0.0724451,0.0052483,0.2526,0.368,0.2029,0.0649,0.1756,BHILWARA,2007,Rabi       ,123813,389584,3.146551654511238,02
623,12647,0.0239,0.5609,0.2001473,0.06493360000000001,0.0042163999999999995,0.22005,0.3114,0.1804,0.0684,0.1591,BHILWARA,2008,Rabi       ,81579,193729,2.3747410485541622,02
625,12647,0.0404,0.5305,0.17325829999999998,0.0566721,0.0032116999999999996,0.1894,0.2659,0.157,0.0708,0.1384,BHILWARA,2009,Rabi       ,54375,143160,2.6328275862068966,02
627,12647,0.0325,0.5041,0.1464269,0.0425166,0.0018077000000000002,0.1533,0.1983,0.1356,0.0806,0.1233,BHILWARA,2010,Rabi       ,38384,103366,2.6929449770737808,02
629,12647,-0.0378,0.6269,0.2568183,0.08341989999999999,0.0069589,0.2994,0.4521,0.2407,0.0559,0.1975,BHILWARA,2011,Rabi       ,118780,307983,2.592886007745412,02
631,12647,-0.0093,0.5394,0.22256170000000003,0.0633656,0.0040152,0.2452,0.3418,0.2035,0.0904,0.1808,BHILWARA,2012,Rabi       ,109581,318262,2.904353856964254,02
633,12647,-0.0563,0.5818,0.2548434,0.07303530000000001,0.0053342,0.2877,0.4115,0.2354,0.0851,0.2051,BHILWARA,2013,Rabi       ,121786,413835,3.3980506790599905,02
635,12647,0.0335,0.6432,0.2769158,0.0955259,0.009125200000000002,0.3346,0.5312,0.2534,0.0335,0.2034,BHILWARA,2014,Rabi       ,124466,448391,3.6025179567110697,02
637,12647,-0.0481,0.5836,0.2507089,0.084143,0.0070799999999999995,0.2936,0.4514,0.22899999999999998,0.0406,0.1884,BHILWARA,2015,Rabi       ,137224,281870,2.0540867486737016,02
639,12647,0.0476,0.5736,0.20330379999999998,0.0658327,0.0043339,0.2231,0.3162,0.1814,0.0682,0.161,BHILWARA,2016,Rabi       ,89640,274281,3.0598058902275764,02
641,12645,-0.0423,0.6218,0.2508416,0.0844508,0.0071319,0.2974,0.4602,0.2295,0.0271,0.1885,BHILWARA,2017,Rabi       ,139795,503063,3.5985764869988195,02
643,12647,-0.012,0.5438,0.21492840000000002,0.0628118,0.0039453000000000005,0.2361,0.3289,0.198,0.0815,0.1742,BHILWARA,2018,Rabi       ,102802,341133,3.3183498375517986,02
645,12647,0.040999999999999995,0.6224,0.2400022,0.0682576,0.0046591,0.2665,0.3736,0.2223,0.0976,0.1951,BHILWARA,2019,Rabi       ,91237,340531,3.732378311430669,02
647,32177,-0.0479,0.451,0.0829839,0.0249385,0.0006219,0.086,0.1074,0.0774,0.0503,0.0717,BIKANER,2001,Rabi       ,44656,49099,1.0994939089931923,02
649,32177,0.0497,0.413,0.09094160000000001,0.0301815,0.0009109,0.0939,0.1197,0.0831,0.0511,0.0767,BIKANER,2002,Rabi       ,44077,77209,1.7516845520339406,02
651,32177,0.0277,0.428,0.0793322,0.0316672,0.0010027999999999999,0.0819,0.1101,0.0693,0.0406,0.0631,BIKANER,2003,Rabi       ,30794,50307,1.6336624017665782,02
653,32177,0.033,0.4535,0.08871760000000001,0.033977600000000004,0.0011545,0.0924,0.1228,0.0803,0.0485,0.0721,BIKANER,2004,Rabi       ,35986,83088,2.3088979047407325,02
655,32177,0.0417,0.408,0.07998330000000001,0.0377294,0.0014234999999999999,0.0837,0.1197,0.0683,0.0417,0.0597,BIKANER,2005,Rabi       ,34880,73466,2.10625,02
657,32177,0.0461,0.3972,0.0889013,0.038081699999999996,0.0014502,0.0934,0.1312,0.0767,0.0461,0.0682,BIKANER,2006,Rabi       ,50162,93503,1.8640205733423707,02
659,32177,0.0376,0.5189,0.0900554,0.053897,0.0029048999999999998,0.094,0.1421,0.0695,0.0376,0.0619,BIKANER,2007,Rabi       ,52898,138027,2.6093046996105707,02
661,32177,0.0442,0.4227,0.08650110000000001,0.036016900000000004,0.0012972,0.0905,0.1254,0.0742,0.0442,0.0672,BIKANER,2008,Rabi       ,51684,72545,1.4036258803498178,02
663,32177,0.0506,0.5112,0.0945195,0.0475086,0.0022570999999999997,0.0994,0.1448,0.0766,0.0506,0.0691,BIKANER,2009,Rabi       ,58932,141123,2.394675218896355,02
665,32177,0.0447,0.4618,0.082397,0.0419517,0.0017599,0.0827,0.1128,0.0693,0.0447,0.0626,BIKANER,2010,Rabi       ,55947,98721,1.7645450158185425,02
667,32177,0.0273,0.5471,0.1051408,0.0556798,0.0031002,0.1086,0.1581,0.0866,0.0273,0.0756,BIKANER,2011,Rabi       ,79123,233437,2.9503052209850487,02
669,32177,0.0211,0.4665,0.1118701,0.0483455,0.0023373,0.1149,0.1573,0.0961,0.055999999999999994,0.0866,BIKANER,2012,Rabi       ,84175,209882,2.4934006534006534,02
671,32177,0.0357,0.5143,0.10897930000000002,0.0607552,0.0036912,0.1162,0.1799,0.0889,0.0357,0.0737,BIKANER,2013,Rabi       ,94731,230363,2.4317594029409597,02
673,32177,0.0332,0.5368,0.113239,0.063538,0.0040371,0.1198,0.1832,0.0897,0.0332,0.0775,BIKANER,2014,Rabi       ,116365,287266,2.4686632578524472,02
675,32177,0.0464,0.5295,0.1102297,0.060232299999999996,0.0036279000000000003,0.1186,0.1838,0.0876,0.0464,0.0751,BIKANER,2015,Rabi       ,120347,242416,2.0143086242282733,02
677,32177,0.0538,0.5031,0.12116569999999999,0.060444399999999995,0.0036534999999999996,0.1298,0.1953,0.0967,0.0538,0.0861,BIKANER,2016,Rabi       ,114460,282005,2.4637864756246723,02
679,32177,0.0514,0.4989,0.11842899999999999,0.0654849,0.0042883,0.129,0.2034,0.0924,0.0514,0.0794,BIKANER,2017,Rabi       ,113183,282654,2.4973185018951614,02
681,32177,0.0402,0.4742,0.11379569999999999,0.0609024,0.0037091,0.1256,0.2003,0.0911,0.0402,0.0758,BIKANER,2018,Rabi       ,108299,271413,2.506145024423125,02
683,32177,0.0499,0.5627,0.1230549,0.0703653,0.0049513000000000005,0.1371,0.2242,0.0967,0.0499,0.079,BIKANER,2019,Rabi       ,105603,287989,2.7270910864274693,02
685,6811,0.013000000000000001,0.5924,0.2333564,0.1086518,0.0118052,0.3025,0.5369,0.1932,0.013000000000000001,0.1462,BUNDI,2001,Rabi       ,103745,259176,2.498202323003518,02
687,6811,-0.0365,0.654,0.2694154,0.13614379999999998,0.0185351,0.36725,0.654,0.2177,-0.0365,0.15915,BUNDI,2002,Rabi       ,105005,307114,2.9247559640017142,02
689,6811,-0.0236,0.6409,0.19905060000000002,0.114301,0.013064700000000002,0.23095,0.3935,0.1498,-0.0236,0.1225,BUNDI,2003,Rabi       ,65862,161579,2.4532962861741217,02
691,6811,0.0502,0.6542,0.2604357,0.1329746,0.0176822,0.34485,0.6282,0.2067,0.0502,0.1555,BUNDI,2004,Rabi       ,102994,264088,2.564110530710527,02
693,6811,-0.0538,0.6467,0.2736533,0.1251513,0.015662799999999998,0.37005,0.6467,0.2428,-0.0538,0.1645,BUNDI,2005,Rabi       ,81202,266007,3.2758675894682403,02
695,6811,0.0568,0.6334,0.2641225,0.1287993,0.0165892,0.3472,0.6294,0.2177,0.0568,0.1587,BUNDI,2006,Rabi       ,94861,287769,3.03358598370247,02
697,6811,0.0396,0.639,0.2680078,0.1271235,0.0161604,0.3586,0.639,0.2181,0.0396,0.1653,BUNDI,2007,Rabi       ,111575,405515,3.634461124803944,02
699,6811,-0.0155,0.6579,0.28029240000000005,0.1354164,0.0183376,0.38615,0.6579,0.2398,-0.0155,0.1635,BUNDI,2008,Rabi       ,129893,458279,3.5281269968358573,02
701,6811,0.0686,0.6249,0.2757739,0.1354973,0.0183595,0.37555,0.6249,0.2267,0.0686,0.16115,BUNDI,2009,Rabi       ,117809,429814,3.6483969815548902,02
703,6811,-0.0143,0.6393,0.25345700000000004,0.14313520000000002,0.0204877,0.3392,0.6371,0.1967,-0.0143,0.1405,BUNDI,2010,Rabi       ,107862,366088,3.3940405332739982,02
705,6811,-0.0483,0.7135,0.3380571,0.1600695,0.025622199999999998,0.4719,0.7135,0.3142,-0.0483,0.19115,BUNDI,2011,Rabi       ,150244,570970,3.8002848699448895,02
707,6809,-0.0517,0.6655,0.3077281,0.1346935,0.0181423,0.4144,0.6655,0.2755,-0.0517,0.192,BUNDI,2012,Rabi       ,155833,707009,4.536965854472416,02
709,6811,-0.0629,0.7097,0.3430732,0.1581993,0.025027,0.46065,0.7097,0.3062,-0.0629,0.20565,BUNDI,2013,Rabi       ,154109,678060,4.399872817291658,02
711,6806,-0.0157,0.7539,0.38234159999999995,0.17430120000000002,0.030380900000000002,0.522375,0.7539,0.3742,-0.0157,0.2202,BUNDI,2014,Rabi       ,160285,607915,3.7927129800043673,02
713,6811,-0.0428,0.6990000000000001,0.34924720000000004,0.1564497,0.024476499999999998,0.4839,0.6990000000000001,0.3339,-0.0428,0.2104,BUNDI,2015,Rabi       ,172991,368763,2.13168893179414,02
715,6811,-0.0021,0.6844,0.3296952,0.1495807,0.022374400000000003,0.45445,0.6844,0.3016,-0.0021,0.1938,BUNDI,2016,Rabi       ,154914,646200,4.171346682675549,02
717,6811,-0.0315,0.6872,0.34375859999999997,0.1526467,0.023301,0.46955,0.6872,0.3232,-0.0315,0.2067,BUNDI,2017,Rabi       ,162248,705978,4.351227750110941,02
719,6811,0.0775,0.6826,0.30611550000000004,0.1505309,0.0226595,0.4289,0.6826,0.2604,0.0775,0.1761,BUNDI,2018,Rabi       ,146747,605429,4.125665260618615,02
721,6811,0.0884,0.7376,0.3710974,0.16386779999999998,0.0268527,0.5186,0.7376,0.34299999999999997,0.0884,0.221,BUNDI,2019,Rabi       ,147557,658540,4.462953299402941,02
723,20462,0.0531,0.4657,0.0934385,0.0333312,0.001111,0.0945,0.1173,0.0857,0.0643,0.0793,CHURU,2001,Rabi       ,17615,42306,2.4017030939540165,02
725,20462,0.0584,0.513,0.10155510000000001,0.0352952,0.0012458,0.102,0.1234,0.0947,0.0689,0.0877,CHURU,2002,Rabi       ,11001,30726,2.7930188164712297,02
727,20462,0.0448,0.5266,0.0875265,0.0408364,0.0016675999999999998,0.0855,0.1044,0.0783,0.0545,0.0729,CHURU,2003,Rabi       ,12191,33026,2.7090476581084406,02
729,20462,0.067,0.5055,0.10005449999999999,0.042604699999999995,0.0018152,0.0993,0.1246,0.0888,0.067,0.0824,CHURU,2004,Rabi       ,11469,32044,2.7939663440578952,02
731,20462,0.0501,0.4725,0.10345539999999999,0.05222759999999999,0.0027276999999999996,0.11199999999999999,0.1699,0.0856,0.0501,0.0734,CHURU,2005,Rabi       ,13071,37107,2.8388799632774844,02
733,20462,0.0524,0.4376,0.1039809,0.0372279,0.0013859000000000002,0.1079,0.1415,0.0933,0.0524,0.0855,CHURU,2006,Rabi       ,16077,44397,2.7615226721403245,02
735,20462,0.0521,0.5543,0.1047548,0.056274,0.0031668000000000004,0.1108,0.1667,0.0843,0.0521,0.0735,CHURU,2007,Rabi       ,15743,26817,1.7034237438861717,02
737,20462,0.0673,0.466,0.10521849999999999,0.039833099999999996,0.0015867000000000001,0.1108,0.1514,0.0948,0.0673,0.0837,CHURU,2008,Rabi       ,17651,22633,1.2822502974335732,02
739,20462,0.0625,0.5361,0.1176498,0.058982900000000005,0.003479,0.1298,0.19699999999999998,0.0934,0.0625,0.085,CHURU,2009,Rabi       ,17325,27853,1.6076767676767676,02
741,20462,0.0476,0.4856,0.1068005,0.0598715,0.0035846,0.1018,0.1376,0.0847,0.0476,0.0779,CHURU,2010,Rabi       ,22674,42534,1.8758930934109552,02
743,20462,0.0614,0.5865,0.13697879999999998,0.0674904,0.004555,0.1636,0.2725,0.1103,0.0614,0.0909,CHURU,2011,Rabi       ,27504,64769,2.3548938336242,02
745,20462,0.0634,0.5024,0.135805,0.0497387,0.0024739000000000002,0.142,0.1942,0.1195,0.0634,0.1072,CHURU,2012,Rabi       ,24469,26110,1.0670644488945196,02
747,20462,0.0658,0.5913,0.12978510000000001,0.0743038,0.0055211,0.138,0.2158,0.0969,0.0658,0.0861,CHURU,2013,Rabi       ,29668,62135,2.094344074423621,02
749,20462,0.0659,0.6068,0.14222200000000002,0.08166110000000001,0.0066685,0.1612,0.2675,0.1062,0.0659,0.0903,CHURU,2014,Rabi       ,33368,69914,2.0952409494126107,02
751,20462,0.0663,0.5402,0.137227,0.07776720000000001,0.0060477,0.1557,0.2574,0.1026,0.0663,0.0879,CHURU,2015,Rabi       ,32072,51944,1.6196058867548018,02
753,20462,0.0739,0.5379,0.1390961,0.07133889999999998,0.0050891999999999995,0.158,0.2532,0.1044,0.0739,0.0945,CHURU,2016,Rabi       ,32861,74161,2.2568089832932654,02
755,20462,0.0634,0.5547,0.14764829999999998,0.0840825,0.0070699,0.173675,0.2954,0.1066,0.0634,0.0925,CHURU,2017,Rabi       ,35143,71736,2.0412599948780694,02
757,20462,0.0622,0.5976,0.1436376,0.0772568,0.005968600000000001,0.1647,0.2685,0.1087,0.0622,0.0955,CHURU,2018,Rabi       ,33489,73283,2.188270775478516,02
759,20462,0.067,0.6065,0.1461222,0.0837701,0.007017399999999999,0.1713,0.29100000000000004,0.1088,0.067,0.0915,CHURU,2019,Rabi       ,33554,77768,2.3176968468736963,02
761,4495,0.1168,0.5888,0.29540609999999995,0.10348399999999999,0.0107089,0.37235,0.5888,0.2859,0.1168,0.20975,DAUSA,2001,Rabi       ,95200,270712,2.8436134453781516,02
763,4495,0.1156,0.6058,0.3157256,0.1137267,0.012933799999999999,0.4085,0.6058,0.3103,0.1156,0.21585,DAUSA,2002,Rabi       ,87432,291645,3.335678012626956,02
765,4495,0.0854,0.6387,0.2896158,0.12908889999999998,0.016663900000000002,0.3864,0.6387,0.2767,0.0854,0.17075,DAUSA,2003,Rabi       ,82714,264936,3.2030369707667385,02
767,4495,0.1131,0.5589,0.311601,0.0994114,0.0098826,0.3925,0.5589,0.3103,0.1131,0.2278,DAUSA,2004,Rabi       ,89144,281950,3.1628600915372878,02
769,4495,0.1235,0.5811,0.3232355,0.1011173,0.010224700000000001,0.40275,0.5811,0.3182,0.1235,0.24225,DAUSA,2005,Rabi       ,78802,196430,2.492703230882465,02
771,4495,0.1218,0.5349,0.294464,0.0946115,0.008951299999999999,0.3715,0.5349,0.2875,0.1218,0.2126,DAUSA,2006,Rabi       ,73006,249518,3.4177738815987726,02
773,4495,0.1117,0.5928,0.29650040000000005,0.118522,0.0140475,0.39299999999999996,0.5928,0.285,0.1117,0.1883,DAUSA,2007,Rabi       ,75948,196390,2.585848211934481,02
775,4495,0.1187,0.6225,0.3014752,0.12001210000000001,0.0144029,0.3928,0.6225,0.2849,0.1187,0.1942,DAUSA,2008,Rabi       ,77470,223996,2.8913902155673163,02
777,4495,0.1336,0.5715,0.3008901,0.0913308,0.0083413,0.3746,0.5715,0.2938,0.1336,0.221,DAUSA,2009,Rabi       ,77365,245789,3.177005105667938,02
779,4495,0.1088,0.5878,0.3043316,0.10768889999999999,0.0115969,0.39385,0.5878,0.2985,0.1088,0.2093,DAUSA,2010,Rabi       ,83956,291788,3.4754871599409216,02
781,4495,0.1452,0.6714,0.3946945,0.11806969999999999,0.0139405,0.48945,0.6714,0.3933,0.1452,0.3047,DAUSA,2011,Rabi       ,94455,335173,3.5484939918479705,02
783,4495,0.1269,0.552,0.3045752,0.0917875,0.008425,0.37115,0.552,0.2946,0.1269,0.2302,DAUSA,2012,Rabi       ,87883,331343,3.7702741144476177,02
785,4495,0.1357,0.6484,0.3642269,0.10997249999999999,0.012094,0.44945,0.6484,0.3584,0.1357,0.27395,DAUSA,2013,Rabi       ,91312,338857,3.7109799369195726,02
787,4495,0.1441,0.6498,0.39399120000000004,0.107776,0.011615700000000001,0.4798,0.6498,0.4062,0.1441,0.3177,DAUSA,2014,Rabi       ,95716,355461,3.713705127669355,02
789,4495,0.1292,0.6214,0.35350490000000007,0.11154660000000001,0.0124426,0.4457,0.6214,0.3536,0.1292,0.2606,DAUSA,2015,Rabi       ,103644,373078,3.5996102041603955,02
791,4495,0.1102,0.5802,0.31279559999999995,0.11931760000000001,0.014236700000000001,0.41100000000000003,0.5802,0.306,0.1102,0.2046,DAUSA,2016,Rabi       ,99613,379886,3.8136187043859735,02
793,4495,0.0807,0.5995,0.33194359999999995,0.1019023,0.0103841,0.4162,0.5995,0.32899999999999996,0.0807,0.24405,DAUSA,2017,Rabi       ,102485,418634,4.0848319266234085,02
795,4495,0.1166,0.6287,0.30013979999999996,0.1198374,0.014361,0.39895,0.6287,0.2793,0.1166,0.19125,DAUSA,2018,Rabi       ,90546,390089,4.3081858944624845,02
797,4495,0.1286,0.6793,0.3533693,0.12680419999999998,0.0160793,0.46055,0.6793,0.3509,0.1286,0.2345,DAUSA,2019,Rabi       ,85773,371052,4.325976705956419,02
799,4643,0.0502,0.3714,0.1488789,0.028899599999999998,0.0008352,0.1579,0.1963,0.1433,0.0943,0.1322,DUNGARPUR,2001,Rabi       ,10107,26750,2.6466805184525577,02
801,4643,-0.0069,0.3932,0.1696872,0.0417955,0.0017469,0.183,0.2436,0.1583,0.0869,0.1425,DUNGARPUR,2002,Rabi       ,23541,71315,3.029395522705068,02
803,4643,0.0462,0.3686,0.1359683,0.031839799999999994,0.0010138,0.1448,0.1856,0.1287,0.0766,0.11745,DUNGARPUR,2003,Rabi       ,9536,17633,1.8490981543624159,02
805,4641,-0.0306,0.4011,0.1866192,0.0472632,0.0022338,0.20600000000000002,0.27699999999999997,0.1775,0.0875,0.1585,DUNGARPUR,2004,Rabi       ,33573,72447,2.1578947368421053,02
807,4643,-0.0256,0.3933,0.1900898,0.050161800000000006,0.0025161999999999997,0.2139,0.2976,0.1797,0.0753,0.15805,DUNGARPUR,2005,Rabi       ,37821,80873,2.138309404828006,02
809,4643,-0.0112,0.3987,0.1808016,0.040137,0.001611,0.1982,0.262,0.1741,0.09300000000000001,0.15565,DUNGARPUR,2006,Rabi       ,35622,57414,1.6117567795182752,02
811,4643,-0.0168,0.461,0.2053591,0.0468351,0.0021934999999999997,0.2312,0.3145,0.1992,0.0933,0.1756,DUNGARPUR,2007,Rabi       ,40855,71327,1.7458573002080529,02
813,4643,-0.0141,0.424,0.2055279,0.048299800000000004,0.0023329,0.2304,0.3164,0.1972,0.0891,0.17300000000000001,DUNGARPUR,2008,Rabi       ,41492,76137,1.8349802371541504,02
815,4643,0.0185,0.4786,0.15502950000000001,0.0346238,0.0011987999999999999,0.16785,0.2178,0.1474,0.0858,0.1342,DUNGARPUR,2009,Rabi       ,18296,24530,1.340730214254482,02
817,4643,0.0149,0.4294,0.19560929999999999,0.0482227,0.0023254,0.2201,0.3055,0.1855,0.0808,0.163,DUNGARPUR,2010,Rabi       ,36010,64072,1.7792835323521243,02
819,4643,0.0226,0.489,0.2162154,0.055413800000000006,0.0030706999999999996,0.245,0.3462,0.2036,0.0793,0.1773,DUNGARPUR,2011,Rabi       ,37334,58101,1.556248995553651,02
821,4643,-0.0122,0.5451,0.2282866,0.0515605,0.0026585000000000003,0.25575,0.3466,0.2203,0.1041,0.1948,DUNGARPUR,2012,Rabi       ,45085,90785,2.0136409005212377,02
823,4643,-0.0261,0.4779,0.2366291,0.0540063,0.0029167,0.26795,0.3673,0.2279,0.10400000000000001,0.2011,DUNGARPUR,2013,Rabi       ,45749,78533,1.7166058274497804,02
825,4643,-0.0252,0.5215,0.26560259999999997,0.0709343,0.0050317,0.3125,0.4614,0.257,0.0641,0.2129,DUNGARPUR,2014,Rabi       ,47474,90477,1.9058221342208368,02
827,4643,-0.0016,0.4471,0.21727649999999998,0.0545096,0.0029713,0.24600000000000002,0.3447,0.2047,0.0831,0.1802,DUNGARPUR,2015,Rabi       ,46208,86772,1.8778566481994459,02
829,4643,0.0342,0.5249,0.21711060000000001,0.0533811,0.0028495,0.24105,0.3295,0.2034,0.0934,0.1818,DUNGARPUR,2016,Rabi       ,43949,79296,1.8042731347698469,02
831,4643,-0.0195,0.4829,0.2285927,0.055462300000000006,0.0030761,0.25865,0.3584,0.2167,0.0933,0.1919,DUNGARPUR,2017,Rabi       ,46988,97791,2.081190942368264,02
833,4643,0.0203,0.4897,0.2309625,0.05538869999999999,0.0030679,0.2623,0.3655,0.2191,0.0894,0.1931,DUNGARPUR,2018,Rabi       ,47729,110597,2.317186616103417,02
835,4643,0.0199,0.5757,0.2325187,0.056401099999999996,0.0031811,0.2611,0.3614,0.2202,0.0958,0.19415,DUNGARPUR,2019,Rabi       ,47295,101283,2.1415160164922296,02
837,14047,-0.0478,0.5552,0.1992835,0.10344249999999999,0.010700399999999999,0.28285,0.5552,0.1874,-0.0478,0.1,GANGANAGAR,2001,Rabi       ,218401,537028,2.4589081551824394,02
839,14046,-0.0451,0.6136,0.2381146,0.1128741,0.012740600000000001,0.3294,0.6136,0.24355,-0.0451,0.1293,GANGANAGAR,2002,Rabi       ,213808,614195,2.872647421986081,02
841,13734,-0.0231,0.6344,0.2298012,0.1270358,0.0161381,0.3339,0.6344,0.2161,-0.0231,0.1112,GANGANAGAR,2003,Rabi       ,154930,414538,2.6756470664170915,02
843,14047,-0.0229,0.6756,0.2675323,0.1322741,0.017496400000000002,0.37535,0.6756,0.2842,-0.0229,0.1347,GANGANAGAR,2004,Rabi       ,173534,481910,2.7770350478868693,02
845,14047,-0.0262,0.6455,0.2628795,0.1256421,0.015785900000000002,0.3647,0.6455,0.2833,-0.0262,0.13735,GANGANAGAR,2005,Rabi       ,149237,474366,3.1786085220153177,02
847,14047,0.0385,0.6123,0.2749042,0.1361268,0.018530500000000002,0.39195,0.6123,0.2885,0.0385,0.1422,GANGANAGAR,2006,Rabi       ,191727,601031,3.1348271239835808,02
849,14047,0.047,0.6657,0.29886409999999997,0.14206359999999998,0.0201821,0.41755,0.6657,0.3289,0.047,0.1595,GANGANAGAR,2007,Rabi       ,192667,686227,3.561725671754893,02
851,14046,-0.0479,0.5501,0.25329070000000004,0.1211392,0.0146747,0.3573,0.5501,0.2677,-0.0479,0.1317,GANGANAGAR,2008,Rabi       ,202387,645520,3.1895329245455484,02
853,14047,-0.0169,0.6819,0.30828190000000005,0.144223,0.020800299999999997,0.4298,0.6819,0.3332,-0.0169,0.1704,GANGANAGAR,2009,Rabi       ,213503,809140,3.7898296511056047,02
855,14047,0.0501,0.6527,0.251839,0.1341531,0.017997,0.37125,0.6527,0.257,0.0501,0.1171,GANGANAGAR,2010,Rabi       ,202210,575623,2.8466594134810346,02
857,14047,-0.0529,0.7233,0.3422685,0.16037020000000002,0.025718599999999998,0.4763,0.7233,0.3766,-0.0529,0.18915,GANGANAGAR,2011,Rabi       ,236076,1049386,4.445119368339009,02
859,14047,-0.0373,0.5973,0.28008940000000004,0.1222089,0.014934999999999999,0.3819,0.5973,0.3128,-0.0373,0.1619,GANGANAGAR,2012,Rabi       ,252690,1001106,3.96179508488662,02
861,14047,-0.0264,0.7053,0.3287193,0.1539308,0.0236947,0.4577,0.7053,0.3641,-0.0264,0.19035,GANGANAGAR,2013,Rabi       ,243122,937270,3.855142685565272,02
863,14047,-0.0037,0.7212,0.33499650000000003,0.1636231,0.0267725,0.4752,0.7212,0.3566,-0.0037,0.188,GANGANAGAR,2014,Rabi       ,262808,1095610,4.168860917475876,02
865,14047,-0.0363,0.6544,0.2990035,0.14703729999999998,0.02162,0.4292,0.6544,0.3167,-0.0363,0.1643,GANGANAGAR,2015,Rabi       ,256659,937036,3.6508986632068234,02
867,14047,0.0488,0.6373,0.3174393,0.1476314,0.021795,0.44485,0.6373,0.33799999999999997,0.0488,0.1861,GANGANAGAR,2016,Rabi       ,274584,1037621,3.7788836931503655,02
869,14047,-0.0474,0.6791,0.3101812,0.14210970000000003,0.0201952,0.42685,0.6791,0.3296,-0.0474,0.19005,GANGANAGAR,2017,Rabi       ,248342,984304,3.9635019448985673,02
871,14047,-0.0222,0.655,0.3148358,0.1488244,0.0221487,0.44025,0.655,0.3328,-0.0222,0.18405,GANGANAGAR,2018,Rabi       ,262110,1059309,4.041467322879707,02
873,14047,0.046,0.7659,0.36781490000000006,0.1751166,0.0306658,0.5073,0.7659,0.3951,0.046,0.217,GANGANAGAR,2019,Rabi       ,261633,1094919,4.184942266457213,02
875,10918,-0.0368,0.6621,0.1801139,0.13155970000000003,0.017308,0.28475,0.5979,0.10045,-0.0368,0.0754,HANUMANGARH,2001,Rabi       ,202958,519657,2.5604164408399765,02
877,10919,-0.0589,0.7433,0.21305429999999997,0.14911960000000002,0.0222367,0.33485,0.7028,0.1282,-0.0589,0.0892,HANUMANGARH,2002,Rabi       ,203752,639796,3.1400722446896228,02
879,10882,-0.0446,0.6921,0.2278468,0.15796010000000002,0.024951400000000002,0.3664,0.6921,0.15695,-0.0446,0.091,HANUMANGARH,2003,Rabi       ,167298,523366,3.12834582601107,02
881,10919,-0.0751,0.7244,0.2364261,0.15301789999999998,0.0234145,0.37825,0.7244,0.1666,-0.0751,0.0994,HANUMANGARH,2004,Rabi       ,178519,453304,2.5392479231902487,02
883,10919,-0.0106,0.7559,0.23325029999999997,0.16097039999999999,0.0259115,0.38085,0.7559,0.1584,-0.0106,0.0873,HANUMANGARH,2005,Rabi       ,157654,526746,3.3411521433011533,02
885,10919,-0.0024,0.6663,0.23204560000000002,0.1479824,0.0218988,0.3749,0.6663,0.155,-0.0024,0.1045,HANUMANGARH,2006,Rabi       ,175779,513169,2.919398790526741,02
887,10919,-0.0192,0.7712,0.2616751,0.1792308,0.032123700000000005,0.4302,0.7712,0.1847,-0.0192,0.1003,HANUMANGARH,2007,Rabi       ,186411,633208,3.3968381694213323,02
889,10917,-0.0479,0.7118,0.22129629999999997,0.1312399,0.0172239,0.3469,0.7024,0.1664,-0.0479,0.1073,HANUMANGARH,2008,Rabi       ,216076,604842,2.799209537384994,02
891,10919,-0.0399,0.7901,0.2755764,0.1758625,0.0309276,0.4386,0.7901,0.2101,-0.0399,0.11845,HANUMANGARH,2009,Rabi       ,207479,680021,3.27754134153336,02
893,10919,0.0608,0.7797,0.2254241,0.158855,0.0252349,0.3723,0.7797,0.1452,0.0608,0.08375,HANUMANGARH,2010,Rabi       ,217397,657210,3.0230867951259683,02
895,10919,-0.0484,0.7683,0.3023285,0.18254489999999998,0.0333226,0.47815,0.7683,0.2483,-0.0484,0.13515,HANUMANGARH,2011,Rabi       ,227096,867972,3.8220488251664495,02
897,10919,-0.0325,0.7814,0.23459539999999998,0.1367901,0.018711500000000002,0.36355,0.7287,0.1741,-0.0325,0.1154,HANUMANGARH,2012,Rabi       ,247880,896383,3.6161973535581735,02
899,10919,-0.0236,0.7684,0.2640631,0.18449110000000002,0.0340369,0.4472,0.7684,0.1814,-0.0236,0.09435,HANUMANGARH,2013,Rabi       ,234125,884340,3.777213027229045,02
901,10919,-0.0084,0.7939,0.302294,0.2131,0.045411599999999996,0.51505,0.7939,0.2243,-0.0084,0.09875,HANUMANGARH,2014,Rabi       ,247706,885386,3.5743421636940567,02
903,10919,-0.0468,0.7775,0.25455679999999997,0.1751726,0.030685400000000005,0.4334,0.7775,0.1887,-0.0468,0.0851,HANUMANGARH,2015,Rabi       ,255214,887259,3.4765295007327186,02
905,10919,0.0413,0.6431,0.25795419999999997,0.1700525,0.028917900000000003,0.4305,0.6431,0.19399999999999998,0.0413,0.0946,HANUMANGARH,2016,Rabi       ,243714,973765,3.995523441410834,02
907,10919,-0.0403,0.7861,0.2832369,0.1876534,0.0352138,0.46275,0.7861,0.2252,-0.0403,0.1024,HANUMANGARH,2017,Rabi       ,240237,969073,4.033820768657617,02
909,10919,-0.0222,0.6827,0.27160650000000003,0.1830513,0.033507800000000004,0.4537,0.6827,0.2031,-0.0222,0.0966,HANUMANGARH,2018,Rabi       ,244534,1079259,4.413533496364513,02
911,10919,-0.0028,0.7948,0.29782909999999996,0.20204149999999998,0.040820800000000004,0.485,0.7948,0.2381,-0.0028,0.10300000000000001,HANUMANGARH,2019,Rabi       ,245123,1195063,4.87536053328329,02
913,13601,0.0352,0.5417,0.2246928,0.0938552,0.008808799999999999,0.2937,0.5156,0.1974,0.0352,0.1455,JAIPUR,2001,Rabi       ,170245,354096,2.0799201151281976,02
915,13601,-0.0581,0.5951,0.23478569999999999,0.1049722,0.011019200000000002,0.3128,0.5585,0.1985,-0.0581,0.1477,JAIPUR,2002,Rabi       ,161348,496017,3.0742060639115447,02
917,13599,-0.0536,0.6391,0.2271255,0.1254125,0.015728299999999997,0.3192,0.6106,0.1727,-0.0536,0.1249,JAIPUR,2003,Rabi       ,145798,425900,2.921164899381336,02
919,13596,-0.0684,0.5715,0.23939760000000002,0.1036001,0.010733,0.316825,0.5527,0.20265,-0.0684,0.155,JAIPUR,2004,Rabi       ,157519,469499,2.9805864689339066,02
921,13601,0.039,0.5661,0.26049629999999996,0.09976030000000001,0.0099521,0.3313,0.5555,0.2376,0.039,0.1814,JAIPUR,2005,Rabi       ,155445,464550,2.988516838753257,02
923,13601,0.0154,0.5451,0.2307083,0.09601939999999999,0.0092197,0.2943,0.5021,0.1959,0.0154,0.1555,JAIPUR,2006,Rabi       ,139818,387943,2.7746284455506443,02
925,13601,-0.0335,0.6256,0.2240453,0.1124055,0.012634999999999999,0.3036,0.5562,0.1735,-0.0335,0.1352,JAIPUR,2007,Rabi       ,136066,352372,2.5897138153543136,02
927,13601,0.0498,0.5453,0.21956979999999998,0.10150819999999999,0.0103039,0.2867,0.5077,0.1774,0.0498,0.1391,JAIPUR,2008,Rabi       ,132008,288950,2.188882491970184,02
929,13600,-0.07200000000000001,0.5631,0.2461114,0.1090604,0.0118942,0.318,0.5513,0.2031,-0.0519,0.1623,JAIPUR,2009,Rabi       ,136789,425084,3.1075890605238725,02
931,13601,0.0271,0.5285,0.21089670000000002,0.10831410000000001,0.0117319,0.2863,0.5285,0.1655,0.0271,0.1229,JAIPUR,2010,Rabi       ,139226,447502,3.214212862540043,02
933,13589,-0.0916,0.5985,0.30582600000000004,0.10511199999999998,0.0110485,0.3832,0.5985,0.2939,-0.0148,0.2233,JAIPUR,2011,Rabi       ,158861,590946,3.7198934917947137,02
935,13601,-0.139,0.5667,0.24819560000000002,0.0937723,0.008793299999999999,0.3045,0.4958,0.2235,-0.0128,0.1769,JAIPUR,2012,Rabi       ,148076,461366,3.1157378643399336,02
937,13574,-0.0681,0.6276,0.28346409999999994,0.11083050000000001,0.0122834,0.359375,0.6026,0.2607,-0.0403,0.1971,JAIPUR,2013,Rabi       ,151092,510277,3.3772602123209703,02
939,13601,0.0061,0.6735,0.30686620000000003,0.1133491,0.012847999999999998,0.3921,0.6608,0.2943,0.0061,0.2129,JAIPUR,2014,Rabi       ,153563,473829,3.0855674869597496,02
941,13601,-0.0141,0.6022,0.267273,0.1037078,0.010755299999999999,0.3399,0.5716,0.2438,-0.0141,0.1846,JAIPUR,2015,Rabi       ,157649,502927,3.19016930015414,02
943,13601,0.0366,0.5429999999999999,0.22835789999999997,0.100655,0.010131399999999999,0.2914,0.5044,0.1921,0.0366,0.1494,JAIPUR,2016,Rabi       ,150350,477120,3.173395410708347,02
945,13601,0.0077,0.5801,0.2592866,0.09561610000000001,0.009142399999999998,0.3196,0.5221,0.2416,0.0077,0.184,JAIPUR,2017,Rabi       ,157232,569358,3.6211331026763,02
947,13601,0.0345,0.5824,0.2198645,0.0956956,0.0091576,0.2653,0.43700000000000006,0.1834,0.0345,0.1508,JAIPUR,2018,Rabi       ,140904,512683,3.638526940328167,02
949,13601,0.0346,0.5849,0.2535342,0.0967562,0.0093618,0.309,0.5051,0.2286,0.0346,0.1782,JAIPUR,2019,Rabi       ,139519,530407,3.801682924906285,02
951,45852,-0.0953,0.322,0.0712743,0.0152804,0.00023349999999999998,0.0791,0.1052,0.0693,0.0357,0.0617,JAISALMER,2001,Rabi       ,11003,26426,2.4017086249204764,02
953,45853,-0.0154,0.3101,0.0836451,0.0199678,0.0003987,0.0933,0.127,0.0807,0.0379,0.0708,JAISALMER,2002,Rabi       ,11448,31975,2.7930642907058,02
955,45852,0.0209,0.3756,0.05878440000000001,0.014627000000000001,0.00021390000000000002,0.0623,0.0782,0.0565,0.0358,0.0517,JAISALMER,2003,Rabi       ,7486,20280,2.7090569062249528,02
957,45853,-0.0138,0.3722,0.09677039999999999,0.0297776,0.0008867000000000001,0.111,0.163,0.0909,0.0243,0.0763,JAISALMER,2004,Rabi       ,5377,15023,2.7939371396689605,02
959,45853,0.0202,0.4171,0.0666729,0.0214132,0.0004585,0.0704,0.0912,0.0624,0.0357,0.0565,JAISALMER,2005,Rabi       ,4821,13686,2.838830118232732,02
961,45853,-0.0228,0.4477,0.07352280000000001,0.0281563,0.0007928,0.0773,0.105,0.0684,0.0324,0.0588,JAISALMER,2006,Rabi       ,13015,35942,2.7615827890895117,02
963,45842,-0.0836,0.5089,0.09131189999999999,0.0342965,0.0011763,0.0976,0.1339,0.0845,0.0371,0.0734,JAISALMER,2007,Rabi       ,13030,19197,1.4732924021488871,02
965,45850,-0.0457,0.40700000000000003,0.0771529,0.0274462,0.0007532999999999999,0.0818,0.1098,0.0711,0.0353,0.0631,JAISALMER,2008,Rabi       ,9696,8987,0.9268770627062708,02
967,45853,0.0229,0.4747,0.07846689999999999,0.033482099999999994,0.001121,0.0781,0.1004,0.07,0.0409,0.0632,JAISALMER,2009,Rabi       ,9521,7878,0.827434093057452,02
969,45853,0.0205,0.4681,0.0662495,0.0246957,0.0006099,0.0696,0.0924,0.0613,0.0326,0.0544,JAISALMER,2010,Rabi       ,10768,12725,1.1817421991084696,02
971,45853,-0.0666,0.4938,0.1005183,0.0333564,0.0011126,0.1065,0.1395,0.0947,0.0515,0.0845,JAISALMER,2011,Rabi       ,15127,51937,3.433397236729028,02
973,45845,-0.0983,0.4314,0.1083522,0.0336626,0.0011332,0.1198,0.1663,0.1024,0.0447,0.0888,JAISALMER,2012,Rabi       ,14076,18403,1.3074026712134128,02
975,45853,0.033,0.5606,0.0936495,0.037704699999999994,0.0014215999999999999,0.1025,0.1479,0.0845,0.033,0.0722,JAISALMER,2013,Rabi       ,13424,17467,1.3011769964243147,02
977,45853,0.034,0.508,0.09109550000000001,0.035833699999999996,0.0012840999999999998,0.0958,0.1297,0.0834,0.0414,0.0732,JAISALMER,2014,Rabi       ,13709,18128,1.322342986359326,02
979,45853,0.0273,0.4513,0.0797132,0.0342315,0.0011718,0.0831,0.1138,0.0704,0.0319,0.0626,JAISALMER,2015,Rabi       ,10318,10022,0.9713122698197324,02
981,45853,-0.0768,0.5555,0.098719,0.038139599999999996,0.0014546,0.1061,0.1467,0.0911,0.0425,0.079,JAISALMER,2016,Rabi       ,12514,17427,1.3926002876778008,02
983,45853,0.0299,0.509,0.0871699,0.0377891,0.001428,0.0922,0.1297,0.0781,0.0299,0.0672,JAISALMER,2017,Rabi       ,9989,13824,1.383922314546001,02
985,45853,0.0315,0.496,0.0909436,0.0370652,0.0013737999999999999,0.0975,0.1375,0.0799,0.0315,0.0708,JAISALMER,2018,Rabi       ,8983,16116,1.7940554380496494,02
987,45853,0.0204,0.4926,0.0797872,0.0424555,0.0018024999999999998,0.0826,0.1202,0.0663,0.0204,0.0575,JAISALMER,2019,Rabi       ,7882,14209,1.8027150469424005,02
989,7796,0.0604,0.5184,0.1825881,0.0766375,0.005873300000000001,0.2089,0.3277,0.1628,0.0604,0.1295,JHALAWAR,2001,Rabi       ,45144,86361,1.9130116959064327,02
991,7796,0.0628,0.5295,0.2010666,0.0871974,0.007603399999999999,0.2465,0.4144,0.18075,0.0628,0.134275,JHALAWAR,2002,Rabi       ,48161,121599,2.524843753244326,02
993,7796,0.0409,0.5710000000000001,0.1550098,0.0661944,0.0043817,0.1723,0.2608,0.14095,0.0409,0.1133,JHALAWAR,2003,Rabi       ,21558,48080,2.2302625475461544,02
995,7796,0.0462,0.5209,0.2168144,0.0923036,0.00852,0.261025,0.4273,0.1906,0.0462,0.1501,JHALAWAR,2004,Rabi       ,34651,96196,2.776139216761421,02
997,7796,-0.0213,0.5791,0.22688070000000002,0.0913015,0.008336,0.288225,0.4877,0.212,-0.0213,0.155075,JHALAWAR,2005,Rabi       ,49431,161194,3.260990066962028,02
999,7795,0.0617,0.5448,0.20416220000000002,0.09124249999999999,0.008325200000000001,0.23475,0.3753,0.1769,0.0617,0.1409,JHALAWAR,2006,Rabi       ,37166,102947,2.7699241241995374,02
1001,7795,0.0298,0.5661,0.23634439999999998,0.0898581,0.0080745,0.30205,0.5107,0.2256,0.0298,0.16275,JHALAWAR,2007,Rabi       ,72456,235175,3.245762945787789,02
1003,7796,0.057999999999999996,0.5422,0.22409310000000002,0.092477,0.008551999999999999,0.2754,0.4605,0.19795,0.057999999999999996,0.1517,JHALAWAR,2008,Rabi       ,57376,164458,2.866320412716118,02
1005,7796,-0.0109,0.537,0.22655509999999998,0.090227,0.0081409,0.2798,0.4641,0.2081,-0.0109,0.1567,JHALAWAR,2009,Rabi       ,58810,163674,2.7830981125658902,02
1007,7796,0.0051,0.5527,0.23722390000000002,0.08743889999999999,0.007645600000000001,0.2948,0.4846,0.23005,0.0051,0.1669,JHALAWAR,2010,Rabi       ,67915,226609,3.3366561142604727,02
1009,7796,0.0786,0.5838,0.2398036,0.1029657,0.0106019,0.2925,0.4882,0.21175,0.0786,0.162,JHALAWAR,2011,Rabi       ,70511,222286,3.1525010282083645,02
1011,7796,-0.0259,0.573,0.2810605,0.10460919999999999,0.010943099999999999,0.364625,0.573,0.2719,-0.0259,0.1905,JHALAWAR,2012,Rabi       ,87563,330747,3.7772460970958055,02
1013,7795,-0.0174,0.6354,0.29725050000000003,0.113883,0.012969299999999998,0.3819,0.6354,0.2826,-0.0174,0.2024,JHALAWAR,2013,Rabi       ,86055,279018,3.2423217709604324,02
1015,7795,-0.0296,0.6839,0.31987740000000003,0.12323579999999999,0.0151871,0.4135,0.6839,0.3274,-0.0296,0.21245,JHALAWAR,2014,Rabi       ,106834,329955,3.0884830671883483,02
1017,7796,-0.002,0.6082,0.2899919,0.11510619999999999,0.0132494,0.3795,0.6082,0.2838,-0.002,0.192275,JHALAWAR,2015,Rabi       ,112534,352790,3.1349636554285816,02
1019,7796,-0.0283,0.5751,0.26653879999999996,0.1100798,0.012117600000000001,0.3509,0.5751,0.25305,-0.0283,0.1736,JHALAWAR,2016,Rabi       ,102108,354563,3.4724311513299644,02
1021,7794,-0.0107,0.6133,0.2956988,0.11372349999999999,0.012933000000000002,0.3838,0.6133,0.2946,-0.0107,0.196625,JHALAWAR,2017,Rabi       ,109041,417546,3.8292568850248982,02
1023,7796,-0.0224,0.6355,0.2709394,0.1063807,0.0113169,0.3462,0.5884,0.25505,-0.0224,0.182375,JHALAWAR,2018,Rabi       ,102202,413256,4.043521653196612,02
1025,7796,-0.0195,0.6867,0.3447175,0.1279639,0.0163748,0.441625,0.6867,0.3477,-0.0195,0.235175,JHALAWAR,2019,Rabi       ,105638,426073,4.03333080898919,02
1027,27279,0.0466,0.5144,0.11096189999999999,0.046889,0.0021986,0.1252,0.1928,0.0975,0.0466,0.0801,JODHPUR,2001,Rabi       ,46851,101724,2.171223666517257,02
1029,27279,0.0515,0.506,0.1168675,0.0462121,0.0021355999999999997,0.1327,0.2018,0.1039,0.0515,0.0866,JODHPUR,2002,Rabi       ,38463,104487,2.7165587707667114,02
1031,27279,0.0414,0.4638,0.0930054,0.0445124,0.0019814,0.1029,0.1581,0.0791,0.0414,0.0661,JODHPUR,2003,Rabi       ,40643,80102,1.9708682922028395,02
1033,27279,0.0508,0.5318,0.1258271,0.051465,0.0026486,0.1421,0.2184,0.1169,0.0508,0.0912,JODHPUR,2004,Rabi       ,36836,93104,2.527527418829406,02
1035,27279,0.0393,0.5192,0.11164729999999999,0.055283000000000006,0.0030562,0.1275,0.2058,0.0991,0.0393,0.0753,JODHPUR,2005,Rabi       ,34403,76125,2.2127430747318546,02
1037,27279,0.0525,0.52,0.11265719999999999,0.0489186,0.002393,0.1278,0.1996,0.1016,0.0525,0.0799,JODHPUR,2006,Rabi       ,35843,75319,2.1013587032335463,02
1039,27279,0.0398,0.526,0.11046960000000002,0.0501787,0.0025179,0.12300000000000001,0.1945,0.1027,0.0398,0.0753,JODHPUR,2007,Rabi       ,37751,76355,2.022595427935684,02
1041,27279,0.0446,0.521,0.11660510000000002,0.05478580000000001,0.0030015000000000003,0.1314,0.2083,0.1033,0.0446,0.0801,JODHPUR,2008,Rabi       ,41824,86363,2.064914881407804,02
1043,27279,0.0448,0.4822,0.11442480000000001,0.0473299,0.0022401,0.1298,0.2037,0.105,0.0448,0.0805,JODHPUR,2009,Rabi       ,41501,81665,1.967783908821474,02
1045,27279,0.0454,0.4746,0.10976949999999999,0.053029599999999996,0.0028120999999999997,0.1212,0.1929,0.0984,0.0454,0.0734,JODHPUR,2010,Rabi       ,53143,132805,2.4990120994298404,02
1047,27279,0.0552,0.5369,0.1384185,0.057913099999999995,0.0033539,0.15535,0.2377,0.1237,0.0552,0.1004,JODHPUR,2011,Rabi       ,59285,149046,2.5140592055325968,02
1049,27279,0.0563,0.4728,0.13787249999999998,0.040549800000000004,0.0016442999999999998,0.151,0.2107,0.1308,0.0563,0.1112,JODHPUR,2012,Rabi       ,50154,136352,2.7186665071579537,02
1051,27279,0.0453,0.5606,0.1478275,0.05986759999999999,0.0035841000000000002,0.16585,0.2476,0.1319,0.0453,0.1113,JODHPUR,2013,Rabi       ,60974,133164,2.183947256207564,02
1053,27279,0.0591,0.508,0.15399129999999997,0.06137530000000001,0.0037669000000000005,0.1788,0.2819,0.1396,0.0591,0.11,JODHPUR,2014,Rabi       ,67879,152460,2.2460554810766222,02
1055,27279,0.0445,0.499,0.14861839999999998,0.058368899999999994,0.0034069000000000005,0.17300000000000001,0.2774,0.1401,0.0445,0.1034,JODHPUR,2015,Rabi       ,67781,130806,1.9298328440123336,02
1057,27279,0.0581,0.5555,0.155339,0.060299599999999995,0.003636,0.1772,0.2718,0.1382,0.0581,0.1141,JODHPUR,2016,Rabi       ,69216,136221,1.9680565187239945,02
1059,27279,0.0493,0.5228,0.1575984,0.0662992,0.0043956,0.1877,0.3082,0.1427,0.0493,0.10735,JODHPUR,2017,Rabi       ,77939,180677,2.31818473421522,02
1061,27279,0.0465,0.5062,0.15410870000000002,0.0588487,0.0034631999999999996,0.1787,0.2775,0.1458,0.0465,0.1128,JODHPUR,2018,Rabi       ,66071,150969,2.2849510375202438,02
1063,27279,0.0507,0.5001,0.15022729999999998,0.06586560000000001,0.004338300000000001,0.1762,0.2883,0.1338,0.0507,0.1014,JODHPUR,2019,Rabi       ,63675,149730,2.351472320376914,02
