,District,Count,Minimum,Maximum,Mean,Standard Deviation,Variance,Upper Quartile,Upper 1.5 IQR,Median,Lower 1.5 IQR,Lower Quartile,Year,Season,Area (Hectare),Production (Tonnes),Yield (Tonnes/Hectare),Month
1,KARAULI,6352,0.1428,0.8268,0.33658109999999997,0.134011,0.017959,0.40035,0.6445,0.28305,0.1428,0.2371,2001,Rabi       ,61886,118884,1.9210160617910352,02
3,KARAULI,6352,0.1581,0.8113,0.3512688,0.14593029999999999,0.0212957,0.42895,0.7125,0.2942,0.1581,0.239275,2002,Rabi       ,55324,174640,3.1566770298604583,02
5,KARAULI,6352,0.121,0.7956,0.292674,0.1501092,0.0225328,0.349625,0.5884,0.2216,0.121,0.19,2003,Rabi       ,52941,131287,2.479873821801628,02
7,KARAULI,6352,0.1579,0.8217,0.3839796,0.15811489999999997,0.0250003,0.513725,0.8217,0.33955,0.1579,0.241175,2004,Rabi       ,63492,231030,3.6387261387261383,02
9,KARAULI,6352,0.1072,0.7463,0.3541805,0.138665,0.019228,0.453325,0.7463,0.3162,0.1072,0.2341,2005,Rabi       ,50984,167098,3.277459595167111,02
11,KARAULI,6352,0.1497,0.8085,0.34595840000000005,0.1374751,0.018899400000000004,0.43025,0.7291,0.3063,0.1497,0.2299,2006,Rabi       ,51891,170279,3.281474629511861,02
13,KARAULI,6352,0.1271,0.7927,0.33842140000000004,0.14870870000000003,0.0221143,0.41725,0.701,0.2748,0.1271,0.2273,2007,Rabi       ,53423,163549,3.0613967766692247,02
15,KARAULI,6352,0.1492,0.7793,0.3307446,0.1472092,0.021670599999999998,0.41035,0.7027,0.2744,0.1492,0.2153,2008,Rabi       ,56952,192121,3.373384604579295,02
17,KARAULI,6352,0.1729,0.7726,0.3679208,0.1267099,0.0160554,0.45845,0.7569,0.33625,0.1729,0.257275,2009,Rabi       ,62737,228085,3.6355739037569537,02
19,KARAULI,6352,0.1624,0.8183,0.39990559999999997,0.1503094,0.0225929,0.51965,0.8183,0.37095,0.1624,0.263775,2010,Rabi       ,73134,285650,3.9058440670549954,02
21,KARAULI,6352,0.19399999999999998,0.8313,0.473767,0.16891,0.0285306,0.623725,0.8313,0.4574,0.19399999999999998,0.3126,2011,Rabi       ,86163,365854,4.246068498079222,02
23,KARAULI,6352,0.1471,0.7995,0.39814590000000005,0.1440715,0.020756599999999997,0.509525,0.7995,0.37845,0.1471,0.2608,2012,Rabi       ,75295,296883,3.942931137525732,02
25,KARAULI,6352,0.1783,0.8462,0.4457696,0.1527692,0.023338400000000002,0.57165,0.8462,0.42135,0.1783,0.3046,2013,Rabi       ,78348,306585,3.9131183948537296,02
27,KARAULI,6352,0.1911,0.8388,0.4830469,0.15814160000000002,0.025008799999999998,0.626425,0.8388,0.4797,0.1911,0.326575,2014,Rabi       ,83418,313196,3.754537390011748,02
29,KARAULI,6352,0.1846,0.8219,0.4408437,0.1669052,0.027857299999999998,0.58335,0.8219,0.4171,0.1846,0.28300000000000003,2015,Rabi       ,85169,308964,3.6276579506628,02
31,KARAULI,6352,0.1538,0.8287,0.4145871,0.1819117,0.03309190000000001,0.559625,0.8287,0.3624,0.1538,0.2488,2016,Rabi       ,78974,279286,3.536429711044141,02
33,KARAULI,6352,0.1767,0.8340000000000001,0.44518820000000003,0.1641421,0.026942599999999997,0.589425,0.8340000000000001,0.44065,0.1767,0.282,2017,Rabi       ,89193,360710,4.044151446862422,02
35,KARAULI,6352,0.1622,0.7995,0.3806337,0.16632349999999999,0.0276635,0.50715,0.7995,0.3211,0.1622,0.237175,2018,Rabi       ,75421,319581,4.23729465268294,02
37,KARAULI,6352,0.1936,0.8198,0.4590224,0.1718139,0.029519999999999998,0.6111,0.8198,0.45635,0.1936,0.2853,2019,Rabi       ,77846,346048,4.445289417568018,02
39,KOTA,6893,0.11900000000000001,0.81,0.4010258,0.1567443,0.0245688,0.5385,0.81,0.3659,0.11900000000000001,0.2599,2001,Rabi       ,96156,241324,2.509713382420234,02
41,KOTA,6893,0.0523,0.843,0.4427167,0.1780197,0.031691000000000004,0.6066,0.843,0.4111,0.0523,0.2819,2002,Rabi       ,79144,227185,2.8705271404023045,02
43,KOTA,6893,-0.1539,0.8073,0.3587637,0.1523028,0.023196099999999997,0.4619,0.7934,0.308,-0.0832,0.2362,2003,Rabi       ,50311,141770,2.8178728309912344,02
45,KOTA,6893,0.1301,0.8406,0.4317568,0.17239010000000002,0.0297183,0.5894,0.8406,0.3951,0.1301,0.2739,2004,Rabi       ,66760,191358,2.8663571000599157,02
47,KOTA,6893,0.1038,0.8288,0.44580420000000004,0.17478670000000002,0.030550400000000002,0.6051,0.8288,0.4333,0.1038,0.2876,2005,Rabi       ,64902,220058,3.3906197035530488,02
49,KOTA,6893,0.0969,0.8195,0.424626,0.16845510000000002,0.028377099999999995,0.5795,0.8195,0.3974,0.0969,0.2723,2006,Rabi       ,64753,209469,3.234892591849026,02
51,KOTA,6893,0.0865,0.83,0.44479070000000004,0.1651417,0.027271800000000002,0.5818,0.83,0.431,0.0865,0.3002,2007,Rabi       ,81551,296388,3.634388296893968,02
53,KOTA,6893,0.1112,0.8425,0.45183249999999997,0.1853013,0.0343366,0.6193,0.8425,0.4283,0.1112,0.2853,2008,Rabi       ,110050,398747,3.62332576101772,02
55,KOTA,6893,0.1315,0.8206,0.4531019,0.1695355,0.028742300000000002,0.6007,0.8206,0.4462,0.1315,0.3031,2009,Rabi       ,86611,320290,3.698029118703167,02
57,KOTA,6893,0.1328,0.8416,0.4527245,0.1785638,0.031885000000000004,0.6117,0.8416,0.4361,0.1328,0.2969,2010,Rabi       ,91999,325222,3.535060163697432,02
59,KOTA,6893,0.1403,0.841,0.488629,0.1897865,0.0360189,0.6598,0.841,0.4722,0.1403,0.3242,2011,Rabi       ,115280,411409,3.5687803608605133,02
61,KOTA,6893,0.1404,0.8289,0.4909848,0.16982809999999998,0.0288416,0.638,0.8289,0.5048,0.1404,0.34700000000000003,2012,Rabi       ,111785,467738,4.18426443619448,02
63,KOTA,6893,0.1547,0.8704,0.5201643,0.1913999,0.0366339,0.6918,0.8704,0.5223,0.1547,0.3492,2013,Rabi       ,127996,541271,4.228811837869934,02
65,KOTA,6893,0.0703,0.8858,0.5875883000000001,0.1945151,0.0378361,0.7575,0.8858,0.6183,0.0703,0.428,2014,Rabi       ,138008,553604,4.011390644020636,02
67,KOTA,6893,-0.0759,0.8487,0.5449831,0.1899072,0.0360648,0.7141,0.8487,0.5687,-0.0759,0.3954,2015,Rabi       ,135748,279120,2.056162890060995,02
69,KOTA,6893,0.1338,0.8701,0.524734,0.1944905,0.037826599999999995,0.703,0.8701,0.5431,0.1338,0.3522,2016,Rabi       ,120081,468840,3.9043645539261003,02
71,KOTA,6893,0.1191,0.8583,0.5424380999999999,0.1947672,0.037934300000000004,0.7282,0.8583,0.5541,0.1191,0.374,2017,Rabi       ,141604,622806,4.398223214033502,02
73,KOTA,6893,0.1235,0.8454,0.49888599999999994,0.1933862,0.0373982,0.6753,0.8454,0.5025,0.1235,0.325,2018,Rabi       ,120490,502518,4.1706199684621135,02
75,KOTA,6893,0.1513,0.8717,0.5636575,0.1964225,0.038581800000000006,0.7439,0.8717,0.5911,0.1513,0.4035,2019,Rabi       ,142148,666856,4.691279511495061,02
77,NAGAUR,21134,0.0343,0.7052,0.21488739999999998,0.0903955,0.008171300000000001,0.2466,0.3885,0.1853,0.0343,0.1519,2001,Rabi       ,91912,184326,2.00546174601793,02
79,NAGAUR,21134,-0.1152,0.6794,0.226806,0.10046519999999999,0.0100933,0.2569,0.4017,0.1909,0.026000000000000002,0.1603,2002,Rabi       ,69514,179307,2.5794372356647584,02
81,NAGAUR,21134,-0.1591,0.7088,0.194915,0.10358969999999999,0.010730799999999999,0.2205,0.3606,0.1566,0.012,0.1271,2003,Rabi       ,85412,189465,2.218248021355313,02
83,NAGAUR,21133,-0.1972,0.7071,0.2446221,0.11037169999999999,0.0121819,0.2827,0.4533,0.2074,0.0356,0.1689,2004,Rabi       ,74768,201871,2.6999652257650335,02
85,NAGAUR,21134,0.0329,0.6974,0.2329377,0.11829980000000001,0.013994799999999998,0.2761,0.4675,0.1878,0.0329,0.1485,2005,Rabi       ,69640,141396,2.0303848363009767,02
87,NAGAUR,21134,0.0454,0.6845,0.2228099,0.1001544,0.0100309,0.2518,0.3965,0.1871,0.0454,0.1553,2006,Rabi       ,71316,163469,2.2921784732738795,02
89,NAGAUR,21134,0.0233,0.7221,0.2181771,0.11673810000000001,0.013627799999999999,0.2467,0.4028,0.1783,0.0233,0.1426,2007,Rabi       ,76384,165160,2.162232928361961,02
91,NAGAUR,21134,0.0309,0.7303,0.22413779999999997,0.11046989999999998,0.0122036,0.2466,0.387,0.18615,0.0309,0.1529,2008,Rabi       ,79567,161304,2.02727261301796,02
93,NAGAUR,21134,-0.1237,0.6981,0.2177637,0.09968930000000001,0.009937999999999999,0.2389,0.3628,0.1859,0.0419,0.1562,2009,Rabi       ,67100,173274,2.582324888226528,02
95,NAGAUR,21134,0.0342,0.7376,0.20572329999999997,0.1054136,0.011112,0.2218,0.3439,0.1685,0.0342,0.1404,2010,Rabi       ,77165,194171,2.5163092075422795,02
97,NAGAUR,21130,-0.1603,0.7642,0.2686676,0.1220197,0.0148888,0.3306,0.5676,0.2357,-0.0565,0.1726,2011,Rabi       ,77362,194987,2.520449316201753,02
99,NAGAUR,21134,-0.0682,0.7028,0.2301147,0.0815669,0.0066532,0.2475,0.3408,0.2082,0.0922,0.1853,2012,Rabi       ,56807,142524,2.5089161546992447,02
101,NAGAUR,21115,-0.1977,0.7482,0.25079070000000003,0.1166299,0.0136025,0.2996,0.4988,0.2148,-0.0279,0.1667,2013,Rabi       ,83768,212344,2.534905930665648,02
103,NAGAUR,21134,0.0106,0.7683,0.2806139,0.11795710000000001,0.013913900000000002,0.348275,0.5854,0.25255,0.0106,0.19,2014,Rabi       ,75548,189555,2.509067083178906,02
105,NAGAUR,21134,-0.0124,0.7153,0.24459850000000002,0.0974039,0.0094875,0.2808,0.43200000000000005,0.2124,0.0412,0.1797,2015,Rabi       ,71637,161510,2.2545611904462777,02
107,NAGAUR,21134,0.0237,0.7681,0.2465536,0.0986185,0.0097256,0.275,0.4068,0.215,0.055999999999999994,0.1871,2016,Rabi       ,60279,160235,2.658222598251464,02
109,NAGAUR,21134,0.0423,0.7696,0.261725,0.10932850000000001,0.0119527,0.3163,0.5204,0.2278,0.0423,0.1802,2017,Rabi       ,64949,165199,2.5435187608739165,02
111,NAGAUR,21134,-0.0014,0.6541,0.23690029999999998,0.0826837,0.0068366,0.2635,0.3834,0.2159,0.0648,0.1833,2018,Rabi       ,53677,142533,2.6553831249883557,02
113,NAGAUR,21134,0.0279,0.7199,0.241966,0.0934414,0.008731299999999999,0.2752,0.4156,0.2166,0.0451,0.1816,2019,Rabi       ,51378,145883,2.839405971427459,02
115,PALI,14971,-0.1988,0.7363,0.23277889999999998,0.058105399999999995,0.0033762,0.2505,0.3307,0.2178,0.1243,0.19699999999999998,2001,Rabi       ,51527,74074,1.4375764162477924,02
117,PALI,14971,-0.1733,0.7966,0.2684132,0.0777251,0.0060412,0.295,0.4118,0.24600000000000002,0.1144,0.2171,2002,Rabi       ,68178,113534,1.665258587814251,02
119,PALI,14971,0.1098,0.6036,0.1943402,0.049430400000000006,0.0024434,0.2093,0.2763,0.1853,0.1098,0.1646,2003,Rabi       ,29431,61032,2.0737317794162617,02
121,PALI,14970,-0.1344,0.6691,0.2546829,0.0554034,0.0030695,0.2762,0.3644,0.2401,0.1356,0.2174,2004,Rabi       ,38801,79685,2.0536841833973347,02
123,PALI,14971,0.0608,0.6755,0.23361149999999997,0.0482869,0.0023316,0.25435,0.3331,0.2243,0.1322,0.2018,2005,Rabi       ,25553,43649,1.7081751653426211,02
125,PALI,14971,-0.1815,0.6582,0.2371236,0.0522145,0.0027264,0.2543,0.3288,0.2232,0.1326,0.2046,2006,Rabi       ,28652,37038,1.2926846293452463,02
127,PALI,14971,-0.1899,0.8051,0.28412729999999997,0.09485489999999999,0.0089975,0.32225,0.4781,0.2575,0.0836,0.2183,2007,Rabi       ,77550,149111,1.9227724049000643,02
129,PALI,14971,-0.166,0.8216,0.2796824,0.09652369999999999,0.0093168,0.3128,0.4573,0.2502,0.10400000000000001,0.2164,2008,Rabi       ,69452,131968,1.900132465587744,02
131,PALI,14971,0.0932,0.7004,0.2237839,0.044419400000000005,0.0019730999999999998,0.2401,0.3062,0.2137,0.1301,0.196,2009,Rabi       ,30185,51077,1.692131853569654,02
133,PALI,14971,-0.08,0.5751,0.21077390000000001,0.0444561,0.0019763,0.228,0.2976,0.2023,0.1125,0.1816,2010,Rabi       ,24350,48213,1.98,02
135,PALI,14971,-0.0623,0.7903,0.33368159999999997,0.09584069999999999,0.0091854,0.3784,0.5451,0.3121,0.1028,0.2672,2011,Rabi       ,80115,145154,1.8118205080197216,02
137,PALI,14971,-0.0876,0.7325,0.2827272,0.0806202,0.006499600000000001,0.3133,0.4406,0.2581,0.1207,0.2283,2012,Rabi       ,48464,107092,2.209722680752724,02
139,PALI,14971,-0.0866,0.8292,0.31346999999999997,0.09426169999999999,0.008885299999999999,0.3598,0.5309,0.2904,0.0871,0.2455,2013,Rabi       ,57098,144534,2.5313320956951206,02
141,PALI,14971,0.1178,0.7507,0.3052013,0.07557230000000001,0.0057112,0.3433,0.4822,0.2881,0.1178,0.2506,2014,Rabi       ,47446,129758,2.734856468406188,02
143,PALI,14971,-0.0791,0.7777,0.2867823,0.0712607,0.0050781,0.3199,0.4476,0.27,0.1088,0.2346,2015,Rabi       ,49826,99960,2.006181511660579,02
145,PALI,14971,-0.0316,0.8153,0.29956940000000004,0.0975865,0.009523100000000001,0.3403,0.5048,0.2734,0.1084,0.2306,2016,Rabi       ,61193,157499,2.573807461637769,02
147,PALI,14969,-0.1677,0.8072,0.3490553,0.1018136,0.010366,0.397,0.5748,0.3266,0.1153,0.2781,2017,Rabi       ,92531,265876,2.8733721671655985,02
149,PALI,14971,-0.105,0.8168,0.32973969999999997,0.1000451,0.010009,0.3718,0.5401,0.3044,0.10400000000000001,0.2596,2018,Rabi       ,82074,216513,2.6380217852182177,02
151,PALI,14971,0.0741,0.7104,0.28361729999999996,0.0705267,0.004974,0.3196,0.4513,0.2695,0.1146,0.2317,2019,Rabi       ,50085,146542,2.9258660277528197,02
153,RAJSAMAND,5703,0.10099999999999999,0.596,0.2149445,0.0402531,0.0016202999999999999,0.2308,0.2939,0.2069,0.1258,0.1887,2001,Rabi       ,3342,7208,2.1567923399162177,02
155,RAJSAMAND,5703,0.0416,0.6202,0.2694692,0.0524194,0.0027478000000000003,0.29115,0.3727,0.2584,0.1552,0.2367,2002,Rabi       ,15369,42099,2.7392153035330864,02
157,RAJSAMAND,5703,0.08800000000000001,0.5715,0.21151129999999999,0.0384973,0.001482,0.2277,0.2893,0.2057,0.1288,0.1866,2003,Rabi       ,1482,3158,2.1309041835357623,02
159,RAJSAMAND,5703,0.1054,0.6047,0.2507254,0.045835900000000006,0.0021009,0.27065,0.3443,0.2419,0.1484,0.2215,2004,Rabi       ,5376,15020,2.7938988095238093,02
161,RAJSAMAND,5703,0.1025,0.6536,0.2453969,0.0436452,0.0019049,0.26625,0.3415,0.2363,0.1415,0.21595,2005,Rabi       ,3293,9348,2.8387488612207714,02
163,RAJSAMAND,5703,-0.0303,0.74,0.288119,0.0603322,0.00364,0.3108,0.4014,0.2759,0.1612,0.2502,2006,Rabi       ,16323,45077,2.7615634380934884,02
165,RAJSAMAND,5703,-0.1453,0.7918,0.3474972,0.0808697,0.0065399,0.3806,0.5075,0.3308,0.1722,0.2956,2007,Rabi       ,36704,116996,3.1875544899738446,02
167,RAJSAMAND,5703,-0.126,0.7823,0.32063270000000005,0.07951210000000002,0.0063222,0.35045,0.4712,0.303,0.1569,0.2697,2008,Rabi       ,34420,107093,3.1113596746077863,02
169,RAJSAMAND,5703,-0.0118,0.6538,0.2521779,0.049243699999999994,0.0024249000000000002,0.2762,0.3608,0.2435,0.1348,0.2196,2009,Rabi       ,12069,26966,2.2343193305161986,02
171,RAJSAMAND,5703,0.1111,0.7275,0.24566639999999998,0.045577099999999995,0.0020773000000000002,0.2688,0.3488,0.2393,0.1376,0.2151,2010,Rabi       ,6461,16811,2.6019192075530104,02
173,RAJSAMAND,5703,0.0936,0.8486,0.38896179999999997,0.0840404,0.0070628,0.4332,0.5849,0.3766,0.1806,0.33205,2011,Rabi       ,31898,104462,3.2748761677848144,02
175,RAJSAMAND,5703,-0.0317,0.7368,0.33831,0.0669037,0.0044761,0.36905,0.4806,0.3282,0.1854,0.2946,2012,Rabi       ,32314,100979,3.124930370737142,02
177,RAJSAMAND,5703,-0.1662,0.78,0.363975,0.0724051,0.0052425,0.3986,0.5212,0.3524,0.2004,0.3166,2013,Rabi       ,33480,110290,3.294205495818399,02
179,RAJSAMAND,5703,-0.0519,0.7469,0.36373459999999996,0.07759939999999999,0.0060217,0.4018,0.5388,0.3495,0.1763,0.3104,2014,Rabi       ,30675,89919,2.931344743276284,02
181,RAJSAMAND,5703,0.0955,0.8115,0.34224790000000005,0.0759278,0.005765,0.3741,0.4972,0.3274,0.1687,0.2919,2015,Rabi       ,29541,69577,2.3552689482414277,02
183,RAJSAMAND,5703,0.0959,0.703,0.3145992,0.0635298,0.004036,0.3444,0.4525,0.3021,0.1699,0.2721,2016,Rabi       ,25946,71148,2.74215678717336,02
185,RAJSAMAND,5703,-0.1809,0.8086,0.3672745,0.0898239,0.0080683,0.4039,0.547,0.3477,0.1691,0.30835,2017,Rabi       ,32458,105559,3.252172037710272,02
187,RAJSAMAND,5703,-0.1442,0.7841,0.34743609999999997,0.0803838,0.0064616,0.3764,0.4969,0.3304,0.1758,0.29585,2018,Rabi       ,34327,112397,3.274303026771929,02
189,RAJSAMAND,5703,0.1025,0.6973,0.32428629999999997,0.0627955,0.0039433,0.35075,0.4516,0.3102,0.1827,0.2835,2019,Rabi       ,22479,66677,2.9661906668446107,02
191,SAWAI MADHOPUR,5783,0.1245,0.7972,0.34838979999999997,0.1162948,0.0135245,0.42,0.6595,0.3182,0.1245,0.2588,2001,Rabi       ,66197,111612,1.6860582805867337,02
193,SAWAI MADHOPUR,5783,0.0666,0.83,0.403027,0.1366081,0.0186618,0.5055,0.818,0.3803,0.0666,0.29015,2002,Rabi       ,62102,116887,1.8821777076422657,02
195,SAWAI MADHOPUR,5783,0.087,0.7939,0.28946,0.11682809999999999,0.013648799999999999,0.3403,0.5455,0.2559,0.087,0.20345,2003,Rabi       ,54227,82843,1.5277075995352867,02
197,SAWAI MADHOPUR,5783,0.1254,0.8105,0.40080809999999994,0.13021989999999997,0.0169572,0.49325,0.7879,0.3868,0.1254,0.295,2004,Rabi       ,60948,130252,2.1371004790969352,02
199,SAWAI MADHOPUR,5783,0.1081,0.7603,0.4111697,0.13285120000000003,0.017649500000000002,0.50985,0.7603,0.4077,0.1081,0.30095,2005,Rabi       ,44021,78218,1.7768337838758774,02
201,SAWAI MADHOPUR,5783,0.1184,0.8192,0.3849739,0.1209529,0.0146296,0.4645,0.7204,0.3595,0.1184,0.29195,2006,Rabi       ,44491,90111,2.0253759187251354,02
203,SAWAI MADHOPUR,5783,0.0867,0.7877,0.3614825,0.1268442,0.0160895,0.43945,0.7045,0.3275,0.0867,0.26215,2007,Rabi       ,42351,118521,2.798540766451796,02
205,SAWAI MADHOPUR,5783,0.09300000000000001,0.7757,0.3665408,0.12931789999999999,0.0167231,0.4549,0.7369,0.3277,0.09300000000000001,0.26555,2008,Rabi       ,45688,118179,2.586652950446507,02
207,SAWAI MADHOPUR,5783,0.1209,0.7967,0.412955,0.1295482,0.0167827,0.5018,0.7887,0.3919,0.1209,0.3104,2009,Rabi       ,53450,164400,3.0757717492984096,02
209,SAWAI MADHOPUR,5783,0.1435,0.8079,0.43171090000000006,0.1284208,0.0164919,0.51975,0.7971,0.4255,0.1435,0.33095,2010,Rabi       ,61185,213165,3.4839421426820296,02
211,SAWAI MADHOPUR,5783,-0.043,0.8705,0.5353247,0.13962950000000002,0.019496400000000004,0.64045,0.8705,0.5525,0.1597,0.42985,2011,Rabi       ,84191,291368,3.460797472413916,02
213,SAWAI MADHOPUR,5783,-0.1887,0.8032,0.4487697,0.1186652,0.014081399999999999,0.5336,0.7996,0.4469,0.1158,0.35615,2012,Rabi       ,70125,230402,3.285590017825312,02
215,SAWAI MADHOPUR,5783,-0.0081,0.8373,0.5012662999999999,0.1328296,0.017643700000000002,0.6056,0.8373,0.5094,0.1252,0.3947,2013,Rabi       ,70003,229909,3.2842735311343803,02
217,SAWAI MADHOPUR,5780,-0.0252,0.8737,0.5530379,0.1349652,0.0182156,0.6587,0.8737,0.5781,0.1548,0.451225,2014,Rabi       ,77203,218377,2.8286076965921008,02
219,SAWAI MADHOPUR,5782,0.0307,0.8387,0.5218782000000001,0.1349819,0.0182201,0.630525,0.8387,0.53165,0.0943,0.41565,2015,Rabi       ,82257,271260,3.2977132645246,02
221,SAWAI MADHOPUR,5783,0.1331,0.8484,0.5029553,0.1521273,0.023142700000000002,0.63465,0.8484,0.5026,0.1331,0.3745,2016,Rabi       ,69313,230484,3.3252636590538573,02
223,SAWAI MADHOPUR,5782,-0.1292,0.8348,0.5217189999999999,0.1356236,0.0183938,0.6241,0.8348,0.53525,0.1213,0.4212,2017,Rabi       ,85337,350076,4.1022768552913735,02
225,SAWAI MADHOPUR,5783,0.1577,0.8214,0.42716509999999996,0.1474885,0.021752900000000002,0.5382,0.8214,0.4058,0.1577,0.3036,2018,Rabi       ,64273,251725,3.916496818259611,02
227,SAWAI MADHOPUR,5783,-0.1252,0.8270000000000001,0.5538494,0.1420156,0.020168400000000003,0.67145,0.8270000000000001,0.5792,0.1651,0.4421,2019,Rabi       ,70181,300227,4.277895726763654,02
229,SIKAR,9382,0.1245,0.6922,0.28477129999999995,0.11109839999999999,0.0123428,0.366,0.62,0.2642,0.1245,0.1944,2001,Rabi       ,86767,171194,1.9730312215473624,02
231,SIKAR,9382,0.1043,0.7552,0.315126,0.13098710000000002,0.0171576,0.4158,0.7346,0.29185,0.1043,0.201125,2002,Rabi       ,82086,269379,3.2816680067246544,02
233,SIKAR,9382,0.1033,0.7493,0.301892,0.1503364,0.022601,0.421375,0.7493,0.2623,0.1033,0.1755,2003,Rabi       ,84627,247138,2.92032093776218,02
235,SIKAR,9379,-0.1582,0.7508,0.33072729999999995,0.1418374,0.020117799999999998,0.44265,0.7508,0.3073,-0.1342,0.2111,2004,Rabi       ,86844,229255,2.6398484639123025,02
237,SIKAR,9382,0.1213,0.7275,0.3291486,0.1448227,0.0209736,0.4511,0.7275,0.3086,0.1213,0.2041,2005,Rabi       ,86650,266724,3.0781765724177728,02
239,SIKAR,9382,0.1049,0.7132,0.30849109999999996,0.12607390000000002,0.0158946,0.4044,0.6967,0.2878,0.1049,0.2017,2006,Rabi       ,84607,215361,2.545427683288617,02
241,SIKAR,9382,0.1049,0.8002,0.321746,0.1486598,0.0220997,0.4424,0.8002,0.2886,0.1049,0.194125,2007,Rabi       ,84349,267674,3.1734104731532087,02
243,SIKAR,9382,0.1298,0.6936,0.3026757,0.1314509,0.0172793,0.413475,0.6936,0.26105,0.1298,0.190225,2008,Rabi       ,85200,170924,2.006150234741784,02
245,SIKAR,9382,0.1251,0.7285,0.33484590000000003,0.14661749999999998,0.0214967,0.453775,0.7285,0.3022,0.1251,0.2095,2009,Rabi       ,85657,250455,2.92392915932148,02
247,SIKAR,9382,0.1122,0.7183,0.3024064,0.1499353,0.0224806,0.4253,0.7183,0.24985,0.1122,0.1755,2010,Rabi       ,90628,301181,3.3232665401421198,02
249,SIKAR,9382,0.1368,0.8095,0.40534929999999997,0.156921,0.024624200000000002,0.5377,0.8095,0.41685,0.1368,0.265825,2011,Rabi       ,100483,343783,3.421305096384463,02
251,SIKAR,9382,0.1534,0.7246,0.3440477,0.1245549,0.0155139,0.440875,0.7246,0.3228,0.1534,0.237025,2012,Rabi       ,100080,292553,2.923191446842526,02
253,SIKAR,9382,-0.0039,0.7709,0.36037779999999997,0.1542647,0.0237976,0.4913,0.7709,0.3425,-0.0039,0.2236,2013,Rabi       ,100128,327293,3.2687460051134547,02
255,SIKAR,9382,0.1402,0.8154,0.3997998,0.16345910000000002,0.026718900000000004,0.539275,0.8154,0.3886,0.1402,0.258225,2014,Rabi       ,101345,331358,3.2696038285065865,02
257,SIKAR,9382,0.1339,0.7119,0.3469312,0.1439351,0.0207173,0.4721,0.7119,0.312,0.1339,0.226425,2015,Rabi       ,99558,347485,3.4902770244480603,02
259,SIKAR,9382,0.1177,0.7301,0.33257929999999997,0.1387045,0.0192389,0.447775,0.7301,0.2875,0.1177,0.2168,2016,Rabi       ,92333,323185,3.5002111920981664,02
261,SIKAR,9382,0.1382,0.7613,0.34628459999999994,0.1461652,0.0213643,0.4618,0.7613,0.3093,0.1382,0.2254,2017,Rabi       ,92032,333627,3.6251195236439497,02
263,SIKAR,9382,0.1338,0.7445,0.3150982,0.1343306,0.0180447,0.4152,0.7227,0.2648,0.1338,0.2101,2018,Rabi       ,86085,285834,3.3203694023349017,02
265,SIKAR,9382,0.1456,0.779,0.3476729,0.1332853,0.017765,0.4468,0.7552,0.3166,0.1456,0.239825,2019,Rabi       ,83288,321575,3.8610003842090097,02
267,SIROHI,6268,0.1172,0.5889,0.2458226,0.06395819999999999,0.0040906,0.2705,0.3711,0.2295,0.1172,0.2034,2001,Rabi       ,15218,25630,1.684189775266132,02
269,SIROHI,6268,0.1272,0.7086,0.28214179999999994,0.0757875,0.0057437,0.314925,0.4441,0.2616,0.1272,0.2288,2002,Rabi       ,22526,51029,2.265337831838764,02
271,SIROHI,6268,0.0968,0.6016,0.2210105,0.0588971,0.0034689,0.2443,0.3407,0.20845,0.0968,0.18,2003,Rabi       ,10087,24429,2.421830078318628,02
273,SIROHI,6268,0.1474,0.7073,0.31576220000000005,0.075023,0.0056285,0.3521,0.4848,0.29805,0.1474,0.2633,2004,Rabi       ,26658,70468,2.643409107960087,02
275,SIROHI,6268,0.1305,0.6223,0.2698853,0.07113739999999999,0.0050605,0.297325,0.4126,0.2525,0.1305,0.2204,2005,Rabi       ,16300,30254,1.8560736196319016,02
277,SIROHI,6268,0.0114,0.6911,0.3064471,0.07806030000000001,0.0060934,0.34125,0.4741,0.2899,0.1431,0.2525,2006,Rabi       ,27201,64336,2.365207161501415,02
279,SIROHI,6268,0.1535,0.7571,0.364678,0.0954957,0.0091194,0.41715,0.5979,0.3464,0.1535,0.29600000000000004,2007,Rabi       ,46191,109237,2.3648979238379773,02
281,SIROHI,6268,0.125,0.7403,0.3483241,0.09708439999999999,0.009425399999999999,0.400625,0.5828,0.3238,0.125,0.279075,2008,Rabi       ,39349,92695,2.3557142494091337,02
283,SIROHI,6268,0.1176,0.6858,0.2853059,0.0746414,0.0055713,0.320025,0.4527,0.267,0.1176,0.2314,2009,Rabi       ,24790,52778,2.129003630496168,02
285,SIROHI,6268,0.1248,0.6269,0.2641637,0.0677419,0.004589,0.2904,0.3992,0.2491,0.1248,0.2177,2010,Rabi       ,18016,44115,2.4486567495559504,02
287,SIROHI,6268,0.1323,0.7728,0.415259,0.097597,0.009525200000000001,0.475725,0.6746,0.3983,0.1539,0.3429,2011,Rabi       ,39045,114373,2.9292611089768217,02
289,SIROHI,6268,0.1374,0.7239,0.37403390000000003,0.0913745,0.008349299999999999,0.42405,0.5987,0.3538,0.1374,0.307275,2012,Rabi       ,37254,101128,2.714554141837118,02
291,SIROHI,6268,-0.1434,0.7511,0.3823384,0.0956916,0.0091569,0.4338,0.6127,0.3611,0.1652,0.313275,2013,Rabi       ,35949,99139,2.757767949038916,02
293,SIROHI,6268,0.13699999999999998,0.7211,0.3705217,0.0956197,0.0091431,0.4226,0.6075,0.34700000000000003,0.13699999999999998,0.2993,2014,Rabi       ,34035,94095,2.7646540326134863,02
295,SIROHI,6268,0.1003,0.7008,0.33872199999999997,0.0863408,0.0074547,0.3852,0.5487,0.3163,0.134,0.276,2015,Rabi       ,26851,62377,2.3230792149268185,02
297,SIROHI,6268,0.1225,0.7454,0.37122890000000003,0.0973543,0.0094779,0.425,0.6159,0.3486,0.1225,0.2976,2016,Rabi       ,34226,91608,2.6765616782562964,02
299,SIROHI,6268,-0.0074,0.7451,0.37535040000000003,0.08894260000000001,0.0079108,0.421725,0.5882,0.35535,0.1739,0.310275,2017,Rabi       ,37509,108650,2.8966381401796903,02
301,SIROHI,6268,0.1296,0.726,0.3917349,0.095774,0.0091727,0.452125,0.6508,0.3726,0.1296,0.3185,2018,Rabi       ,22239,66374,2.9845766446333015,02
303,SIROHI,6268,0.1347,0.7283,0.3289631,0.0863221,0.0074515,0.3675,0.5132,0.3054,0.1347,0.270175,2019,Rabi       ,29066,87890,3.023807885501961,02
305,TONK,8849,-0.1473,0.7146,0.2971253,0.093706,0.0087808,0.3418,0.5085,0.27,0.0756,0.2305,2001,Rabi       ,70478,108495,1.539416555520872,02
307,TONK,8847,-0.1904,0.7474,0.32148140000000003,0.1198692,0.0143686,0.38305,0.6063,0.2837,0.0227,0.2341,2002,Rabi       ,60297,123635,2.0504336865847392,02
309,TONK,8849,-0.0754,0.7726,0.2390885,0.08548689999999999,0.007308,0.2488,0.3322,0.2149,0.1138,0.1932,2003,Rabi       ,39825,80975,2.033270558694288,02
311,TONK,8849,-0.1172,0.7222,0.3184317,0.09888150000000001,0.009777600000000001,0.3627,0.5361,0.2889,0.1063,0.2471,2004,Rabi       ,47241,124621,2.637983954615694,02
313,TONK,8838,-0.1945,0.7635,0.3837545,0.1277332,0.0163158,0.4707,0.7328,0.3658,0.031,0.2948,2005,Rabi       ,60615,169243,2.792097665594325,02
315,TONK,8822,-0.18899999999999997,0.7505,0.3481455,0.11961949999999999,0.0143088,0.4188,0.6564,0.31705,0.0227,0.2594,2006,Rabi       ,54647,138646,2.5371200614855343,02
317,TONK,8813,-0.1981,0.7903,0.3292751,0.14123070000000001,0.019946099999999998,0.4125,0.6878,0.2733,-0.0386,0.2288,2007,Rabi       ,63430,163346,2.5752167743969734,02
319,TONK,8835,-0.1914,0.7901,0.35997979999999996,0.1520646,0.0231237,0.46925,0.7901,0.3053,-0.1077,0.23845,2008,Rabi       ,69961,175020,2.5016795071539857,02
321,TONK,8847,-0.2,0.7632,0.3488015,0.1158212,0.013414500000000001,0.4015,0.602,0.315,0.0861,0.2675,2009,Rabi       ,40643,105913,2.605934601284354,02
323,TONK,8849,-0.0079,0.7811,0.3224349,0.1145809,0.013128799999999998,0.385,0.617,0.2946,0.0514,0.2303,2010,Rabi       ,39926,106733,2.6732705505184597,02
325,TONK,8848,-0.1941,0.7987,0.4889143,0.1161874,0.013499500000000001,0.572625,0.7987,0.48745,0.1518,0.4038,2011,Rabi       ,88632,284497,3.2098677678490843,02
327,TONK,8834,-0.1979,0.7366,0.4025371,0.1143472,0.013075299999999998,0.484375,0.7192,0.3928,0.0734,0.3194,2012,Rabi       ,67431,233365,3.4607969628212545,02
329,TONK,8823,-0.1933,0.7593,0.46207,0.127611,0.0162846,0.5652,0.7593,0.4571,0.0796,0.3651,2013,Rabi       ,61769,211218,3.4194822645663683,02
331,TONK,8810,-0.1948,0.7787,0.5246291000000001,0.1326979,0.0176087,0.632275,0.7787,0.5415,0.1296,0.431025,2014,Rabi       ,58416,200010,3.4238907148726376,02
333,TONK,8833,-0.1958,0.7842,0.47999790000000003,0.1345045,0.0180915,0.5814,0.7842,0.4843,0.0885,0.3791,2015,Rabi       ,66376,138758,2.0904845124743883,02
335,TONK,8831,-0.1967,0.7815,0.4659185,0.1664175,0.0276948,0.6149,0.7815,0.4619,-0.1171,0.3147,2016,Rabi       ,51468,160971,3.127593844719049,02
337,TONK,8842,-0.1914,0.8041,0.4813257000000001,0.1373685,0.0188701,0.5829,0.8041,0.4901,0.0696,0.3772,2017,Rabi       ,69184,250843,3.6257371646623495,02
339,TONK,8849,-0.1561,0.7714,0.4032246,0.13192820000000002,0.0174051,0.5012,0.7714,0.3792,-0.0058,0.295,2018,Rabi       ,45842,152773,3.3325989267483966,02
341,TONK,8849,-0.1783,0.7821,0.4587662,0.12549749999999998,0.015749600000000002,0.556,0.7821,0.4411,0.0682,0.3592,2019,Rabi       ,40139,143883,3.584618450883181,02
343,UDAIPUR,15380,-0.026000000000000002,0.6011,0.25417460000000003,0.045326599999999995,0.0020545000000000003,0.2796,0.3661,0.2455,0.1433,0.2219,2001,Rabi       ,17488,38009,2.1734332113449217,02
345,UDAIPUR,15380,-0.0239,0.6967,0.2899021,0.0655546,0.0042974,0.3169,0.4223,0.2764,0.142,0.2466,2002,Rabi       ,38959,97378,2.499499473805796,02
347,UDAIPUR,15379,-0.1447,0.6607,0.249656,0.0505291,0.0025532,0.27815,0.3733,0.2394,0.1215,0.2146,2003,Rabi       ,16935,38743,2.2877472689695897,02
349,UDAIPUR,15380,0.0136,0.7191,0.3055069,0.0764721,0.005848,0.3427,0.4816,0.2871,0.1206,0.2501,2004,Rabi       ,33804,82623,2.4441782037628683,02
351,UDAIPUR,15380,-0.1414,0.7334,0.31591490000000005,0.0719185,0.0051722999999999995,0.3462,0.4604,0.3014,0.1558,0.27,2005,Rabi       ,48549,160395,3.3037755669529756,02
353,UDAIPUR,15380,-0.1567,0.7190000000000001,0.331714,0.0743806,0.0055325,0.3643,0.4856,0.3168,0.1671,0.2834,2006,Rabi       ,67990,148568,2.1851448742462125,02
355,UDAIPUR,15375,-0.1833,0.7744,0.3675025,0.0893257,0.0079791,0.41115,0.5703,0.3492,0.146,0.30495,2007,Rabi       ,88904,217207,2.4431634122199224,02
357,UDAIPUR,15380,-0.1876,0.7593,0.3432022,0.0866285,0.0075045,0.3848,0.5388,0.3233,0.1437,0.2821,2008,Rabi       ,79367,184713,2.327327478675016,02
359,UDAIPUR,15380,-0.1615,0.7042,0.2967356,0.0670418,0.0044946000000000005,0.324125,0.4297,0.2833,0.1505,0.2537,2009,Rabi       ,41115,86645,2.107381734160282,02
361,UDAIPUR,15380,-0.0603,0.7255,0.30110690000000007,0.0640023,0.0040963,0.3276,0.4303,0.2873,0.1643,0.2591,2010,Rabi       ,32201,75366,2.340486320300612,02
363,UDAIPUR,15380,-0.0858,0.7889,0.4046651,0.0964932,0.009310899999999999,0.462,0.6532,0.3872,0.1472,0.3344,2011,Rabi       ,55118,131966,2.3942450742044343,02
365,UDAIPUR,15380,-0.1336,0.7699,0.3721224,0.08539,0.0072914,0.4137,0.564,0.3538,0.1672,0.3135,2012,Rabi       ,71948,201479,2.800341913604269,02
367,UDAIPUR,15379,-0.1954,0.7705,0.3866403,0.088001,0.0077442,0.4323,0.5935,0.3688,0.1648,0.3248,2013,Rabi       ,72678,178517,2.456272874872726,02
369,UDAIPUR,15380,0.0041,0.8173,0.42415230000000004,0.1014135,0.0102847,0.4832,0.6848,0.4048,0.1506,0.3488,2014,Rabi       ,70717,200803,2.839529391801123,02
371,UDAIPUR,15380,-0.0918,0.8187,0.3895829,0.0979201,0.0095883,0.437825,0.6117,0.3687,0.157,0.3216,2015,Rabi       ,76849,193315,2.515517443297896,02
373,UDAIPUR,15380,-0.1829,0.8077,0.3661561,0.0929966,0.008648399999999999,0.4079,0.5663,0.34595,0.1642,0.3023,2016,Rabi       ,74822,210840,2.8178877870145143,02
375,UDAIPUR,15380,-0.1488,0.8181,0.4003923,0.1028857,0.010585500000000001,0.454925,0.6457,0.3762,0.1408,0.3273,2017,Rabi       ,80410,250975,3.1211913941052107,02
377,UDAIPUR,15380,-0.1313,0.7941,0.37783340000000004,0.0943956,0.0089105,0.423825,0.5902,0.3554,0.1492,0.3127,2018,Rabi       ,80937,229859,2.8399743009995433,02
379,UDAIPUR,15380,-0.1332,0.8154,0.3741433,0.0929139,0.008633,0.4101,0.556,0.3498,0.1777,0.3127,2019,Rabi       ,74793,217764,2.9115558942681803,02
381,AJMER,10552,0.055999999999999994,0.6957,0.23262979999999997,0.0607606,0.0036919000000000006,0.2473,0.3227,0.2183,0.1218,0.19699999999999998,2001,Rabi       ,34280,41829,1.2202158693115521,02
383,AJMER,10552,0.0533,0.809,0.25574050000000004,0.0750337,0.00563,0.27699999999999997,0.37799999999999995,0.2346,0.1092,0.2095,2002,Rabi       ,41551,75770,1.8235421530167744,02
385,AJMER,10552,0.0511,0.7070000000000001,0.1907063,0.046652,0.0021763999999999998,0.2052,0.2676,0.183,0.10400000000000001,0.1636,2003,Rabi       ,11244,23077,2.0523834934187124,02
387,AJMER,10552,0.0687,0.7391,0.2400303,0.0499901,0.002499,0.2553,0.3217,0.22935,0.147,0.2109,2004,Rabi       ,21595,42225,1.9553137300301,02
389,AJMER,10551,-0.1762,0.7419,0.25090619999999997,0.07716310000000001,0.0059542,0.27245,0.376,0.2281,0.1017,0.2034,2005,Rabi       ,25457,52533,2.0635974388183995,02
391,AJMER,10552,-0.1272,0.7178,0.244088,0.0583172,0.0034009,0.2598,0.33299999999999996,0.2314,0.1382,0.2109,2006,Rabi       ,23544,31307,1.3297230716955488,02
393,AJMER,10548,-0.1247,0.7845,0.2531788,0.0695135,0.004832100000000001,0.2753,0.3726,0.2377,0.1142,0.2104,2007,Rabi       ,30011,84048,2.8005731231881645,02
395,AJMER,10552,-0.0069,0.7622,0.24065419999999998,0.0607044,0.0036850000000000003,0.251525,0.3175,0.2257,0.1415,0.2075,2008,Rabi       ,21909,52373,2.3904787986672145,02
397,AJMER,10552,0.0386,0.6943,0.2297172,0.0518026,0.0026835,0.2418,0.3021,0.21899999999999997,0.1418,0.2016,2009,Rabi       ,16605,37499,2.258295694068052,02
399,AJMER,10552,-0.0103,0.7376,0.1994601,0.0459805,0.0021142,0.2115,0.2642,0.1921,0.1245,0.1762,2010,Rabi       ,8761,21653,2.4715215158086976,02
401,AJMER,10552,-0.0375,0.8107,0.3642978,0.08980149999999999,0.0080643,0.4117,0.5761,0.35100000000000003,0.1386,0.302,2011,Rabi       ,64322,207905,3.2322533503311464,02
403,AJMER,10552,-0.1563,0.7027,0.30558090000000004,0.079055,0.0062497,0.336525,0.4638,0.2848,0.1262,0.2516,2012,Rabi       ,46550,146725,3.151987110633727,02
405,AJMER,10552,-0.098,0.7972,0.35936999999999997,0.09475639999999999,0.0089788,0.4099,0.5861,0.3413,0.1183,0.292375,2013,Rabi       ,66027,219014,3.317036969724507,02
407,AJMER,10552,-0.1229,0.7855,0.4082823,0.11624560000000002,0.013512999999999999,0.490325,0.7501,0.3876,0.0607,0.3163,2014,Rabi       ,56000,193073,3.4477321428571432,02
409,AJMER,10552,-0.1926,0.7819,0.3451298,0.09740700000000001,0.0094881,0.3879,0.5502,0.321,0.1174,0.2794,2015,Rabi       ,62442,131969,2.113465295794497,02
411,AJMER,10552,-0.024,0.7813,0.2990558,0.0957943,0.0091765,0.3155,0.4233,0.2695,0.138,0.243575,2016,Rabi       ,42294,116787,2.761313661512271,02
413,AJMER,10552,-0.1548,0.7778,0.36483720000000003,0.10898410000000001,0.011877500000000001,0.4304,0.6496,0.33399999999999996,0.067,0.284,2017,Rabi       ,55466,185014,3.3356290340028125,02
415,AJMER,10552,-0.0081,0.7783,0.2914723,0.0749858,0.0056229,0.3119,0.4095,0.2713,0.1522,0.2468,2018,Rabi       ,40328,128011,3.174246181313232,02
417,AJMER,10552,-0.0172,0.7556,0.31311490000000003,0.0765642,0.0058621,0.344325,0.4676,0.2952,0.1412,0.262,2019,Rabi       ,34787,120782,3.4720441544255034,02
419,ALWAR,10187,0.1644,0.7831,0.49064189999999996,0.15875250000000002,0.0252024,0.6343,0.7831,0.5169,0.1644,0.33305,2001,Rabi       ,202992,724108,3.5671750610861515,02
421,ALWAR,10187,0.1551,0.7791,0.5015357,0.1623848,0.026368799999999998,0.6451,0.7791,0.5429999999999999,0.1551,0.33145,2002,Rabi       ,174090,529816,3.0433453960595096,02
423,ALWAR,10187,0.1108,0.8079999999999999,0.5106314999999999,0.18797529999999998,0.0353347,0.6814,0.8079999999999999,0.5645,0.1108,0.3088,2003,Rabi       ,181459,571450,3.1491962371665223,02
425,ALWAR,10187,0.0481,0.8048,0.5315181,0.1506067,0.022682400000000002,0.6609999999999999,0.8048,0.5715,0.0481,0.3944,2004,Rabi       ,188108,648794,3.4490505454313483,02
427,ALWAR,10187,0.188,0.7909,0.5199963,0.1463918,0.021430599999999998,0.63775,0.7909,0.5602,0.188,0.38305,2005,Rabi       ,157411,511753,3.2510625051616473,02
429,ALWAR,10187,0.1908,0.777,0.4843223,0.1438094,0.0206812,0.607,0.777,0.5041,0.1908,0.3471,2006,Rabi       ,159468,492657,3.089378433290692,02
431,ALWAR,10187,0.16899999999999998,0.8157,0.532758,0.1723094,0.029690499999999998,0.6885,0.8157,0.5792,0.16899999999999998,0.3548,2007,Rabi       ,180515,641964,3.55629172090962,02
433,ALWAR,10187,0.1715,0.7995,0.4888769,0.16128810000000002,0.026013799999999997,0.6351,0.7995,0.5192,0.1715,0.3246,2008,Rabi       ,191440,669054,3.4948495612202257,02
435,ALWAR,10187,0.1851,0.7928,0.5191992999999999,0.14412,0.0207706,0.6425,0.7928,0.5454,0.1851,0.3835,2009,Rabi       ,170172,688076,4.043414897868041,02
437,ALWAR,10187,0.1699,0.7949,0.5339611999999999,0.16535450000000002,0.027342099999999998,0.6791,0.7949,0.5891,0.1699,0.36455,2010,Rabi       ,192800,722874,3.7493464730290467,02
439,ALWAR,10187,0.2216,0.8331,0.6044264,0.1378816,0.0190113,0.7183,0.8331,0.6551,0.2216,0.4852,2011,Rabi       ,193992,816059,4.206663161367478,02
441,ALWAR,10187,0.1807,0.7708,0.5161159000000001,0.1326342,0.0175918,0.63175,0.7708,0.5442,0.1807,0.39255,2012,Rabi       ,185167,727380,3.9282377529473393,02
443,ALWAR,10187,0.2004,0.8076,0.5753361,0.13886300000000001,0.019282900000000002,0.6955,0.8076,0.6126,0.2004,0.4557,2013,Rabi       ,204967,837412,4.085594266394104,02
445,ALWAR,10187,0.2094,0.8324,0.6219397,0.1367224,0.018693,0.7362,0.8324,0.6666,0.2094,0.50925,2014,Rabi       ,208206,825344,3.964074042054504,02
447,ALWAR,10187,0.1912,0.8326,0.5758906,0.1581067,0.0249977,0.7143,0.8326,0.6268,0.1912,0.4287,2015,Rabi       ,219063,757957,3.459995526401081,02
449,ALWAR,10187,0.1468,0.8390000000000001,0.5566683000000001,0.1757045,0.0308721,0.7167,0.8390000000000001,0.6045,0.1468,0.3778,2016,Rabi       ,213011,776427,3.645008943200117,02
451,ALWAR,10187,0.1904,0.826,0.572422,0.1428087,0.020394299999999997,0.6983,0.826,0.6057,0.1904,0.4471,2017,Rabi       ,215678,941457,4.365104461280241,02
453,ALWAR,10187,0.1759,0.8211,0.530732,0.1735938,0.0301348,0.6915,0.8211,0.5729,0.1759,0.3459,2018,Rabi       ,203829,875183,4.293711885943609,02
455,ALWAR,10187,0.2124,0.8223,0.5733955,0.1596219,0.0254791,0.71445,0.8223,0.6225,0.2124,0.4144,2019,Rabi       ,192419,883624,4.592186842255702,02
457,BANSWARA,6154,-0.1689,0.7623,0.2780038,0.10673769999999999,0.011392900000000001,0.29665,0.4212,0.24415,0.0902,0.2136,2001,Rabi       ,35623,49590,1.3920781517558878,02
459,BANSWARA,6154,-0.1768,0.8078,0.30228520000000003,0.1307439,0.017093999999999998,0.3386,0.5191,0.25435,0.0724,0.2178,2002,Rabi       ,55509,111895,2.0157992397629214,02
461,BANSWARA,6156,-0.1558,0.8075,0.2849297,0.1174703,0.013799299999999999,0.315075,0.4743,0.2463,0.0611,0.2087,2003,Rabi       ,49390,73141,1.4808868191941689,02
463,BANSWARA,6147,-0.1902,0.8671,0.36982550000000003,0.1489252,0.0221787,0.43075,0.6632,0.3251,0.047,0.2756,2004,Rabi       ,69513,140615,2.0228590335620678,02
465,BANSWARA,6142,-0.1968,0.8699,0.36863029999999997,0.1564124,0.0244649,0.453875,0.7399,0.32715,-0.0183,0.263,2005,Rabi       ,77545,160663,2.071867947643304,02
467,BANSWARA,6154,-0.1881,0.8512,0.361212,0.1495879,0.022376499999999997,0.4368,0.6975,0.31665,0.0065,0.2628,2006,Rabi       ,82190,162053,1.9716875532303202,02
469,BANSWARA,6140,-0.1991,0.8232,0.3808537,0.14659,0.0214886,0.470125,0.7586,0.3442,-0.009000000000000001,0.2776,2007,Rabi       ,85835,160011,1.8641696277742181,02
471,BANSWARA,6131,-0.18899999999999997,0.8574,0.3851062,0.1533129,0.023504900000000002,0.4786,0.7852,0.3488,-0.0251,0.2742,2008,Rabi       ,90801,183398,2.01977951784672,02
473,BANSWARA,6149,-0.1837,0.8426,0.3347676,0.1410347,0.0198908,0.3969,0.6332,0.2837,0.006,0.2392,2009,Rabi       ,76116,118511,1.5569788217983078,02
475,BANSWARA,6152,-0.1826,0.8445,0.3809725,0.157687,0.0248652,0.47885,0.8016,0.3306,-0.0565,0.263675,2010,Rabi       ,80466,161762,2.010314915616534,02
477,BANSWARA,6152,-0.196,0.8758,0.4069957,0.1636278,0.026774,0.517225,0.8624,0.3549,-0.057999999999999996,0.285975,2011,Rabi       ,86052,176322,2.0490168735183376,02
479,BANSWARA,6149,-0.1902,0.8501,0.4017152,0.1575281,0.0248151,0.5006,0.8214,0.3647,-0.0327,0.2867,2012,Rabi       ,87177,203751,2.337210502770226,02
481,BANSWARA,6141,-0.1988,0.8728,0.41743199999999997,0.16082439999999998,0.0258645,0.5271,0.8703,0.3815,-0.0472,0.2971,2013,Rabi       ,87975,186789,2.123205456095482,02
483,BANSWARA,6147,-0.1919,0.878,0.4910187,0.15179179999999998,0.0230408,0.60195,0.878,0.4817,0.0629,0.38015,2014,Rabi       ,89620,202260,2.2568623075206427,02
485,BANSWARA,6153,-0.1738,0.8545,0.42543739999999997,0.1573701,0.0247653,0.5343,0.8545,0.3932,-0.0187,0.3105,2015,Rabi       ,88181,195462,2.216599947834568,02
487,BANSWARA,6139,-0.1946,0.8641,0.3966337,0.17020610000000003,0.028970099999999995,0.50715,0.852,0.3441,-0.0861,0.2694,2016,Rabi       ,84533,170917,2.0218967740409077,02
489,BANSWARA,6146,-0.2,0.8732,0.4420827,0.1579308,0.0249421,0.54815,0.8732,0.40885,0.0163,0.326525,2017,Rabi       ,82693,168950,2.0430991740534266,02
491,BANSWARA,6157,-0.1785,0.8987,0.42779799999999996,0.16043429999999997,0.0257392,0.5369,0.852,0.3916,-0.0333,0.3067,2018,Rabi       ,87368,205912,2.3568354546286967,02
493,BANSWARA,6156,-0.192,0.8757,0.4399437,0.16225520000000002,0.026326799999999997,0.5543,0.8757,0.4107,-0.0397,0.3163,2019,Rabi       ,101344,259066,2.5563032838648563,02
495,BARAN,8381,0.1011,0.8328,0.384937,0.1298732,0.016867,0.4768,0.7768,0.3475,0.1011,0.2762,2001,Rabi       ,89194,186595,2.0920129156669733,02
497,BARAN,8381,0.1674,0.8192,0.41077700000000006,0.1483583,0.0220102,0.5287,0.8192,0.3705,0.1674,0.2809,2002,Rabi       ,67650,211353,3.1242128603104216,02
499,BARAN,8381,0.0157,0.7875,0.322902,0.1174063,0.013784200000000002,0.3876,0.6153,0.2835,0.0157,0.2355,2003,Rabi       ,39064,121097,3.0999641613762035,02
501,BARAN,8381,-0.0788,0.8044,0.41818420000000006,0.14405479999999998,0.0207518,0.5382,0.8044,0.3926,-0.0788,0.2861,2004,Rabi       ,55314,132471,2.394890986007159,02
503,BARAN,8381,-0.1151,0.8116,0.420303,0.1485793,0.0220758,0.5444,0.8116,0.3969,0.1378,0.2811,2005,Rabi       ,55154,156111,2.8304565398701818,02
505,BARAN,8381,0.0761,0.8458,0.4070477,0.1439653,0.020725999999999998,0.5258,0.8458,0.3753,0.0761,0.2759,2006,Rabi       ,65062,199521,3.0666287541114627,02
507,BARAN,8380,0.1654,0.8355,0.4094165,0.1436596,0.020638099999999996,0.517625,0.8355,0.3825,0.1654,0.2809,2007,Rabi       ,85963,311235,3.620569314705164,02
509,BARAN,8381,0.1562,0.8372,0.3969752,0.14912820000000002,0.0222392,0.5154,0.8372,0.3607,0.1562,0.2611,2008,Rabi       ,106699,350036,3.280593070225588,02
511,BARAN,8381,0.037000000000000005,0.8132,0.4440017,0.1497071,0.0224122,0.5711,0.8132,0.4359,0.037000000000000005,0.3023,2009,Rabi       ,95802,346163,3.61331704974844,02
513,BARAN,8381,0.1531,0.8438,0.44279090000000004,0.15792279999999997,0.0249396,0.5748,0.8438,0.4338,0.1531,0.2938,2010,Rabi       ,105609,397171,3.760768495109319,02
515,BARAN,8381,0.1605,0.8773,0.46146739999999997,0.16953239999999997,0.028741200000000005,0.5998,0.8773,0.4438,0.1605,0.3015,2011,Rabi       ,147930,514045,3.4749205705401205,02
517,BARAN,8381,-0.0054,0.8524,0.4789371,0.1615293,0.026091700000000002,0.6186,0.8524,0.4775,-0.0054,0.3239,2012,Rabi       ,142589,543296,3.8102237900539313,02
519,BARAN,8381,0.1733,0.8914,0.5178066,0.17229360000000002,0.0296851,0.67,0.8914,0.5207,0.1733,0.3502,2013,Rabi       ,167037,730536,4.37349808725013,02
521,BARAN,8381,-0.0479,0.8973,0.5723791,0.18240279999999998,0.0332708,0.7343,0.8973,0.6068,-0.0479,0.397,2014,Rabi       ,162852,551485,3.3864183430353942,02
523,BARAN,8381,0.14400000000000002,0.8737,0.5392825,0.16981970000000002,0.0288387,0.6811,0.8737,0.565,0.14400000000000002,0.3864,2015,Rabi       ,174319,667888,3.8314125253127886,02
525,BARAN,8381,-0.0719,0.8815,0.5175988,0.1846132,0.034082,0.6867,0.8815,0.5386,-0.0719,0.3348,2016,Rabi       ,159434,670807,4.2074275248692246,02
527,BARAN,8381,-0.1411,0.868,0.5156407999999999,0.1775866,0.031537,0.6747,0.868,0.5275,-0.1411,0.3416,2017,Rabi       ,163267,740053,4.5327775974324265,02
529,BARAN,8381,0.1661,0.8426,0.46234390000000003,0.17166199999999998,0.0294678,0.6133,0.8426,0.4491,0.1661,0.2989,2018,Rabi       ,115747,535052,4.622599289830406,02
531,BARAN,8381,0.1071,0.8724,0.5519026,0.18127520000000003,0.0328607,0.7142,0.8724,0.5784,0.1071,0.3762,2019,Rabi       ,145939,724978,4.967678276540198,02
533,BARMER,33745,0.0604,0.6825,0.126674,0.0376598,0.0014183,0.13699999999999998,0.1839,0.1166,0.0604,0.1057,2001,Rabi       ,15363,36898,2.40174445095359,02
535,BARMER,33745,0.0493,0.6408,0.1395683,0.03806230000000001,0.0014487,0.1508,0.2003,0.1315,0.0688,0.1178,2002,Rabi       ,12344,34477,2.7930168502916395,02
537,BARMER,33743,0.0424,0.5435,0.1015667,0.0371506,0.0013802,0.1096,0.1523,0.0891,0.0424,0.0811,2003,Rabi       ,15840,42911,2.7090277777777776,02
539,BARMER,33745,0.0594,0.6895,0.181148,0.0460139,0.0021173000000000003,0.2018,0.2784,0.1698,0.0751,0.1507,2004,Rabi       ,13124,20140,1.5345931118561411,02
541,BARMER,33745,0.0651,0.6348,0.12901780000000002,0.044351,0.001967,0.1393,0.1936,0.1191,0.0651,0.1031,2005,Rabi       ,12389,23465,1.89401888772298,02
543,BARMER,33745,0.0554,0.7049,0.1247847,0.041929,0.0017579999999999998,0.1381,0.1952,0.1136,0.0554,0.1,2006,Rabi       ,12158,10900,0.8965290343806547,02
545,BARMER,33743,-0.1385,0.6733,0.16936729999999997,0.0493418,0.0024346,0.18955,0.2667,0.1579,0.0641,0.1381,2007,Rabi       ,18400,29406,1.5981521739130435,02
547,BARMER,33745,0.0593,0.7001,0.14151,0.0427011,0.0018234000000000002,0.149,0.1946,0.1311,0.073,0.1186,2008,Rabi       ,13813,22050,1.5963223050749291,02
549,BARMER,33745,0.0612,0.6159,0.1379836,0.0423527,0.0017937,0.1492,0.2023,0.1276,0.0612,0.1138,2009,Rabi       ,11467,9986,0.8708467777099503,02
551,BARMER,33745,0.0495,0.7527,0.1333559,0.046859500000000005,0.0021958000000000004,0.1403,0.18899999999999997,0.1198,0.0602,0.1078,2010,Rabi       ,15200,23127,1.5215131578947367,02
553,BARMER,33744,-0.0638,0.7503,0.1829328,0.056474,0.0031893,0.2023,0.2836,0.1669,0.0668,0.1481,2011,Rabi       ,16732,24526,1.4658140090843892,02
555,BARMER,33745,0.0625,0.6325,0.18157,0.034853699999999994,0.0012148,0.1933,0.2411,0.1758,0.1136,0.1614,2012,Rabi       ,11659,14405,1.2355262029333562,02
557,BARMER,33745,-0.0012,0.6864,0.17693520000000001,0.0520669,0.002711,0.1859,0.2411,0.1636,0.0943,0.1491,2013,Rabi       ,12613,17137,1.358677554903671,02
559,BARMER,33745,0.0612,0.6706,0.1803364,0.055730499999999995,0.0031059,0.2018,0.2855,0.17,0.0776,0.1459,2014,Rabi       ,14020,20346,1.4512125534950069,02
561,BARMER,33745,0.0625,0.6145,0.1634197,0.0582255,0.0033902,0.1855,0.278,0.1528,0.0625,0.1238,2015,Rabi       ,13525,14091,1.0418484288354901,02
563,BARMER,33745,-0.0526,0.6389,0.1781448,0.0524202,0.0027478999999999997,0.1891,0.25,0.1646,0.0878,0.1485,2016,Rabi       ,14642,20510,1.4007649228247507,02
565,BARMER,33745,0.006999999999999999,0.6754,0.1749136,0.0613384,0.0037624000000000004,0.1941,0.2818,0.1545,0.0612,0.1356,2017,Rabi       ,17612,21638,1.2285941403588465,02
567,BARMER,33745,-0.0971,0.5812,0.1851144,0.056743499999999995,0.0032198,0.2076,0.2968,0.1694,0.061,0.1481,2018,Rabi       ,14541,21974,1.5111752974348394,02
569,BARMER,33745,0.0602,0.7002,0.1561775,0.0575401,0.0033109000000000003,0.1741,0.2572,0.1427,0.0602,0.1187,2019,Rabi       ,16188,27939,1.7259080800593032,02
571,BHARATPUR,6305,0.188,0.8169,0.546672,0.14472089999999999,0.020944099999999997,0.6581,0.8169,0.5847,0.188,0.4613,2001,Rabi       ,171639,605340,3.5268208274343245,02
573,BHARATPUR,6305,0.1948,0.8220000000000001,0.5818165,0.1377239,0.0189679,0.6801,0.8220000000000001,0.623,0.2839,0.5216,2002,Rabi       ,139114,473505,3.4037192518366237,02
575,BHARATPUR,6305,0.1656,0.8013,0.5615798000000001,0.14424379999999998,0.0208063,0.6709,0.8013,0.6028,0.2349,0.4962,2003,Rabi       ,143611,472145,3.287665986588771,02
577,BHARATPUR,6305,0.1799,0.8101,0.5760376,0.1306158,0.0170605,0.6659999999999999,0.8101,0.6162,0.3224,0.5283,2004,Rabi       ,142184,535114,3.7635317616609454,02
579,BHARATPUR,6305,0.1673,0.7879999999999999,0.5591399,0.12528699999999998,0.0156968,0.6408,0.7879999999999999,0.6016,0.3421,0.5213,2005,Rabi       ,111319,324549,2.9154861254592657,02
581,BHARATPUR,6305,0.1913,0.7808,0.5280343000000001,0.12422550000000002,0.015432,0.6163,0.7808,0.5608,0.2456,0.46799999999999997,2006,Rabi       ,119191,446796,3.7485716203404618,02
583,BHARATPUR,6305,0.1865,0.8213,0.5802438,0.15115520000000002,0.0228479,0.6974,0.8213,0.6237,0.1865,0.4909,2007,Rabi       ,147831,491178,3.3225642794813,02
585,BHARATPUR,6305,0.1621,0.7951,0.5373614999999999,0.14722770000000002,0.021676,0.6525,0.7951,0.5749,0.1621,0.4451,2008,Rabi       ,157414,522525,3.3194315626310242,02
587,BHARATPUR,6305,0.18600000000000003,0.8029,0.5365006999999999,0.1210117,0.014643799999999998,0.6244,0.8029,0.5609,0.2575,0.4775,2009,Rabi       ,133758,551718,4.12474767864352,02
589,BHARATPUR,6305,0.1916,0.8184,0.588841,0.12784410000000002,0.0163441,0.6753,0.8184,0.6218,0.3538,0.5467,2010,Rabi       ,160732,630274,3.9212726775004354,02
591,BHARATPUR,6305,0.2013,0.8462,0.653821,0.1282918,0.0164588,0.7353,0.8462,0.6955,0.469,0.6285,2011,Rabi       ,157196,704731,4.4831357031985535,02
593,BHARATPUR,6305,0.1662,0.7989,0.5770930999999999,0.1191316,0.0141923,0.66,0.7989,0.6092,0.3493,0.5356,2012,Rabi       ,155304,668993,4.307635347447587,02
595,BHARATPUR,6305,0.1425,0.8284,0.6102622,0.12448769999999999,0.015497200000000001,0.6940000000000001,0.8284,0.6454,0.3924,0.5731,2013,Rabi       ,134784,588118,4.36341108736942,02
597,BHARATPUR,6305,0.1575,0.8329,0.6548004,0.12349660000000001,0.015251400000000002,0.7353,0.8329,0.6948,0.4627,0.6259,2014,Rabi       ,155130,668117,4.306820086379166,02
599,BHARATPUR,6305,0.1288,0.8321,0.6389935,0.1354244,0.0183398,0.7317,0.8321,0.6862,0.3851,0.5929,2015,Rabi       ,165751,604169,3.6450398489300215,02
601,BHARATPUR,6305,0.1136,0.8425,0.6311829999999999,0.1482905,0.0219901,0.7342,0.8425,0.685,0.344,0.5779,2016,Rabi       ,160073,610124,3.8115359867060654,02
603,BHARATPUR,6305,0.1476,0.8338,0.6063599000000001,0.13160729999999998,0.017320500000000003,0.6986,0.8338,0.644,0.3264,0.5497,2017,Rabi       ,160510,713881,4.4475795900566935,02
605,BHARATPUR,6305,0.1329,0.8266,0.5770890000000001,0.14774479999999998,0.0218285,0.6914,0.8266,0.6184,0.1925,0.4918,2018,Rabi       ,156374,661118,4.22780001790579,02
607,BHARATPUR,6305,0.1626,0.8425,0.643791,0.1307182,0.0170873,0.7269,0.8425,0.6881,0.4422,0.6129,2019,Rabi       ,142726,675635,4.733790619788966,02
609,BHILWARA,12647,0.0884,0.778,0.24525370000000002,0.07120139999999998,0.0050696000000000005,0.2591,0.3428,0.2271,0.1289,0.2032,2001,Rabi       ,50381,95371,1.892995375240666,02
611,BHILWARA,12647,0.0461,0.7946,0.29339770000000004,0.095747,0.0091675,0.32465,0.4648,0.2625,0.1234,0.2312,2002,Rabi       ,87685,193310,2.2045959970348408,02
613,BHILWARA,12647,0.0962,0.7340000000000001,0.2148326,0.06288869999999999,0.003954999999999999,0.2305,0.3097,0.2016,0.10400000000000001,0.1777,2003,Rabi       ,24416,50783,2.079906618610747,02
615,BHILWARA,12647,0.1111,0.7893,0.2655875,0.08301080000000001,0.0068908,0.2815,0.3769,0.2437,0.1259,0.2179,2004,Rabi       ,46401,76846,1.6561281006874853,02
617,BHILWARA,12646,-0.0908,0.7822,0.3156929,0.1072642,0.0115056,0.3671,0.5628,0.28300000000000003,0.0476,0.2366,2005,Rabi       ,83389,215568,2.585089160440825,02
619,BHILWARA,12647,-0.0045,0.7776,0.2855399,0.08056920000000001,0.0064914000000000005,0.31035,0.4244,0.2625,0.1236,0.2343,2006,Rabi       ,55997,118408,2.1145418504562743,02
621,BHILWARA,12644,-0.0251,0.8211,0.34748429999999997,0.10887580000000001,0.0118539,0.3929,0.5742,0.3157,0.09699999999999999,0.272,2007,Rabi       ,123813,389584,3.146551654511238,02
623,BHILWARA,12647,0.0542,0.7979999999999999,0.30715240000000005,0.0940316,0.0088419,0.3373,0.4731,0.2779,0.1151,0.2467,2008,Rabi       ,81579,193729,2.3747410485541622,02
625,BHILWARA,12647,0.0744,0.7552,0.2691466,0.082868,0.006867100000000001,0.2924,0.4033,0.2457,0.1085,0.21845,2009,Rabi       ,54375,143160,2.6328275862068966,02
627,BHILWARA,12647,0.0632,0.7575,0.2421629,0.0676789,0.004580399999999999,0.2563,0.3359,0.2254,0.1291,0.2032,2010,Rabi       ,38384,103366,2.6929449770737808,02
629,BHILWARA,12647,-0.081,0.8479,0.4140753,0.11735319999999999,0.013771799999999999,0.48215,0.7114,0.3937,0.1028,0.3291,2011,Rabi       ,118780,307983,2.592886007745412,02
631,BHILWARA,12647,-0.0353,0.7815,0.3380635,0.0950067,0.0090263,0.3747,0.5263,0.3097,0.1254,0.2736,2012,Rabi       ,109581,318262,2.904353856964254,02
633,BHILWARA,12647,-0.1694,0.7879999999999999,0.3795357,0.1011584,0.010232999999999999,0.42885,0.6086,0.3543,0.1415,0.309,2013,Rabi       ,121786,413835,3.3980506790599905,02
635,BHILWARA,12647,0.0894,0.8351,0.4367008,0.12264180000000001,0.015040999999999999,0.5185,0.785,0.4108,0.0894,0.3405,2014,Rabi       ,124466,448391,3.6025179567110697,02
637,BHILWARA,12647,-0.1178,0.8162,0.39720279999999997,0.11701800000000001,0.0136932,0.4615,0.6886,0.3692,0.0964,0.3099,2015,Rabi       ,137224,281870,2.0540867486737016,02
639,BHILWARA,12647,0.0868,0.7925,0.3248641,0.1006595,0.010132299999999999,0.35600000000000004,0.5015,0.29100000000000004,0.1174,0.2589,2016,Rabi       ,89640,274281,3.0598058902275764,02
641,BHILWARA,12645,-0.1913,0.8215,0.4029548,0.12464289999999999,0.0155359,0.4805,0.7415,0.3737,0.0598,0.3064,2017,Rabi       ,139795,503063,3.5985764869988195,02
643,BHILWARA,12647,-0.0288,0.8052,0.34138470000000004,0.0940034,0.0088366,0.3747,0.5185,0.3158,0.1383,0.2787,2018,Rabi       ,102802,341133,3.3183498375517986,02
645,BHILWARA,12647,0.09,0.7876,0.3646167,0.0925541,0.008566299999999999,0.4032,0.5547,0.3411,0.1576,0.3021,2019,Rabi       ,91237,340531,3.732378311430669,02
647,BIKANER,32177,-0.1373,0.6513,0.1188391,0.036962,0.0013662000000000001,0.1239,0.157,0.1107,0.0713,0.1018,2001,Rabi       ,44656,49099,1.0994939089931923,02
649,BIKANER,32177,0.0712,0.6073,0.1293568,0.0438963,0.0019269000000000003,0.1354,0.1763,0.11800000000000001,0.0712,0.1081,2002,Rabi       ,44077,77209,1.7516845520339406,02
651,BIKANER,32177,0.0582,0.603,0.1071497,0.0434978,0.0018920999999999999,0.111,0.1506,0.0938,0.0582,0.0846,2003,Rabi       ,30794,50307,1.6336624017665782,02
653,BIKANER,32177,0.0683,0.63,0.1286237,0.0497817,0.0024782,0.1338,0.1776,0.1165,0.0683,0.1046,2004,Rabi       ,35986,83088,2.3088979047407325,02
655,BIKANER,32177,0.0608,0.6158,0.1193664,0.0572602,0.0032787,0.1261,0.1829,0.1017,0.0608,0.0882,2005,Rabi       ,34880,73466,2.10625,02
657,BIKANER,32177,0.0658,0.5593,0.1247644,0.053781899999999994,0.0028925,0.132,0.1869,0.10800000000000001,0.0658,0.0954,2006,Rabi       ,50162,93503,1.8640205733423707,02
659,BIKANER,32177,0.0636,0.6347,0.12905,0.07414019999999999,0.0054968000000000005,0.1363,0.2072,0.1012,0.0636,0.08900000000000001,2007,Rabi       ,52898,138027,2.6093046996105707,02
661,BIKANER,32177,0.0659,0.5587,0.1209702,0.0515894,0.0026615,0.1271,0.1779,0.1035,0.0659,0.0932,2008,Rabi       ,51684,72545,1.4036258803498178,02
663,BIKANER,32177,0.0694,0.6485,0.13587960000000002,0.067601,0.0045699,0.1428,0.2079,0.1114,0.0694,0.0994,2009,Rabi       ,58932,141123,2.394675218896355,02
665,BIKANER,32177,0.0597,0.6168,0.1168652,0.0593386,0.0035210999999999997,0.1181,0.1628,0.0986,0.0597,0.0883,2010,Rabi       ,55947,98721,1.7645450158185425,02
667,BIKANER,32177,0.0708,0.7215,0.15363729999999998,0.0780613,0.006093600000000001,0.1587,0.2292,0.1279,0.0708,0.1117,2011,Rabi       ,79123,233437,2.9503052209850487,02
669,BIKANER,32177,0.0543,0.6331,0.15875920000000002,0.0667784,0.0044593,0.1637,0.2243,0.1379,0.0845,0.1233,2012,Rabi       ,84175,209882,2.4934006534006534,02
671,BIKANER,32177,0.0708,0.6977,0.161577,0.08642280000000001,0.0074689,0.1737,0.2683,0.1311,0.0708,0.1106,2013,Rabi       ,94731,230363,2.4317594029409597,02
673,BIKANER,32177,0.0793,0.7085,0.16208039999999999,0.0881284,0.007766599999999999,0.1722,0.2631,0.1291,0.0793,0.1116,2014,Rabi       ,116365,287266,2.4686632578524472,02
675,BIKANER,32177,0.0686,0.6773,0.16201729999999998,0.08597510000000001,0.0073917,0.1754,0.2709,0.129,0.0686,0.1117,2015,Rabi       ,120347,242416,2.0143086242282733,02
677,BIKANER,32177,0.0817,0.7126,0.1790251,0.0878463,0.007717,0.1923,0.2895,0.1436,0.0817,0.1275,2016,Rabi       ,114460,282005,2.4637864756246723,02
679,BIKANER,32177,0.0756,0.6862,0.17463510000000002,0.0942199,0.0088774,0.1913,0.302,0.1371,0.0756,0.1175,2017,Rabi       ,113183,282654,2.4973185018951614,02
681,BIKANER,32177,0.0681,0.6719,0.16681500000000002,0.088948,0.0079117,0.1843,0.2927,0.1328,0.0681,0.11199999999999999,2018,Rabi       ,108299,271413,2.506145024423125,02
683,BIKANER,32177,0.0757,0.7497,0.1787653,0.0999845,0.0099969,0.1999,0.3263,0.141,0.0757,0.1156,2019,Rabi       ,105603,287989,2.7270910864274693,02
685,BUNDI,6811,0.0238,0.8094,0.3573303,0.1538652,0.0236745,0.45495,0.7856,0.3075,0.0238,0.2341,2001,Rabi       ,103745,259176,2.498202323003518,02
687,BUNDI,6811,-0.0939,0.8521,0.40669859999999997,0.1851988,0.0342986,0.5464,0.8521,0.345,-0.0939,0.25515,2002,Rabi       ,105005,307114,2.9247559640017142,02
689,BUNDI,6811,-0.1331,0.8057,0.3055718,0.1579007,0.0249326,0.36005,0.6084,0.2431,0.055,0.1944,2003,Rabi       ,65862,161579,2.4532962861741217,02
691,BUNDI,6811,0.1051,0.8507,0.3905812,0.1792663,0.0321364,0.5121,0.8507,0.3215,0.1051,0.2494,2004,Rabi       ,102994,264088,2.564110530710527,02
693,BUNDI,6811,-0.1477,0.8414,0.4130195,0.16956020000000002,0.028750599999999998,0.5507,0.8414,0.3767,-0.1477,0.2663,2005,Rabi       ,81202,266007,3.2758675894682403,02
695,BUNDI,6811,0.1098,0.8442,0.3986531,0.1788347,0.0319819,0.5197,0.8442,0.3382,0.1098,0.25445,2006,Rabi       ,94861,287769,3.03358598370247,02
697,BUNDI,6811,0.1112,0.8538,0.42138760000000003,0.18481229999999998,0.0341556,0.5618,0.8538,0.3575,0.1112,0.2707,2007,Rabi       ,111575,405515,3.634461124803944,02
699,BUNDI,6811,-0.0354,0.8546,0.4291383,0.18741989999999997,0.035126199999999996,0.5770000000000001,0.8546,0.3747,-0.0354,0.2725,2008,Rabi       ,129893,458279,3.5281269968358573,02
701,BUNDI,6811,0.1058,0.8370000000000001,0.4203331,0.18637520000000002,0.034735699999999994,0.56835,0.8370000000000001,0.3535,0.1058,0.2652,2009,Rabi       ,117809,429814,3.6483969815548902,02
703,BUNDI,6811,-0.067,0.848,0.3940373,0.1929614,0.0372341,0.5156,0.848,0.3227,-0.067,0.2409,2010,Rabi       ,107862,366088,3.3940405332739982,02
705,BUNDI,6811,-0.1812,0.8690000000000001,0.5076623,0.19519589999999998,0.0381014,0.6774,0.8690000000000001,0.4921,-0.1225,0.336,2011,Rabi       ,150244,570970,3.8002848699448895,02
707,BUNDI,6809,-0.105,0.8367,0.465829,0.1791127,0.0320814,0.6125,0.8367,0.4294,-0.105,0.3173,2012,Rabi       ,155833,707009,4.536965854472416,02
709,BUNDI,6811,-0.1273,0.8834,0.4837909000000001,0.1961279,0.0384661,0.64035,0.8834,0.4447,-0.1273,0.31775,2013,Rabi       ,154109,678060,4.399872817291658,02
711,BUNDI,6806,-0.0567,0.8931,0.5593739000000001,0.1918894,0.0368215,0.725,0.8931,0.56745,-0.0567,0.394325,2014,Rabi       ,160285,607915,3.7927129800043673,02
713,BUNDI,6811,-0.10400000000000001,0.8781,0.5264708,0.1943632,0.037777099999999994,0.70015,0.8781,0.5188,-0.10400000000000001,0.3656,2015,Rabi       ,172991,368763,2.13168893179414,02
715,BUNDI,6811,-0.0052,0.8772,0.5034702,0.19902910000000001,0.0396126,0.6819,0.8772,0.4818,-0.0052,0.3322,2016,Rabi       ,154914,646200,4.171346682675549,02
717,BUNDI,6811,-0.1909,0.8843,0.519714,0.1950845,0.038058,0.69235,0.8843,0.5037,-0.0906,0.35645,2017,Rabi       ,162248,705978,4.351227750110941,02
719,BUNDI,6811,0.1218,0.8607,0.4637307,0.1978891,0.0391601,0.63375,0.8607,0.4102,0.1218,0.2986,2018,Rabi       ,146747,605429,4.125665260618615,02
721,BUNDI,6811,0.1551,0.8784,0.5191572,0.1931233,0.0372966,0.69375,0.8784,0.4952,0.1551,0.35200000000000004,2019,Rabi       ,147557,658540,4.462953299402941,02
723,CHURU,20462,0.0738,0.6333,0.1368039,0.0469023,0.0021998,0.139,0.1733,0.1259,0.0822,0.1161,2001,Rabi       ,17615,42306,2.4017030939540165,02
725,CHURU,20462,0.0854,0.6834,0.1503325,0.051268600000000004,0.0026285,0.1528,0.1885,0.14075,0.0995,0.129,2002,Rabi       ,11001,30726,2.7930188164712297,02
727,CHURU,20462,0.0781,0.6813,0.1237442,0.0561396,0.0031517,0.1213,0.1495,0.1109,0.0781,0.1025,2003,Rabi       ,12191,33026,2.7090476581084406,02
729,CHURU,20462,0.09,0.7116,0.15168779999999998,0.0630115,0.0039705,0.1521,0.1929,0.135,0.09,0.1249,2004,Rabi       ,11469,32044,2.7939663440578952,02
731,CHURU,20462,0.0888,0.6624,0.1590696,0.07824160000000001,0.0061217,0.174,0.2667,0.1316,0.0888,0.1122,2005,Rabi       ,13071,37107,2.8388799632774844,02
733,CHURU,20462,0.0773,0.615,0.1534354,0.0551504,0.0030416,0.1611,0.2154,0.13775,0.0773,0.1249,2006,Rabi       ,16077,44397,2.7615226721403245,02
735,CHURU,20462,0.079,0.7337,0.161079,0.081643,0.006665600000000001,0.173075,0.2607,0.1314,0.079,0.1146,2007,Rabi       ,15743,26817,1.7034237438861717,02
737,CHURU,20462,0.085,0.6473,0.155393,0.058593200000000005,0.0034332,0.1673,0.2348,0.14,0.085,0.1223,2008,Rabi       ,17651,22633,1.2822502974335732,02
739,CHURU,20462,0.0841,0.7114,0.1783639,0.084165,0.007083800000000001,0.1993,0.3031,0.1455,0.0841,0.1301,2009,Rabi       ,17325,27853,1.6076767676767676,02
741,CHURU,20462,0.0683,0.7014,0.1593673,0.0865326,0.007487899999999999,0.1548,0.2118,0.1287,0.0683,0.1168,2010,Rabi       ,22674,42534,1.8758930934109552,02
743,CHURU,20462,0.09699999999999999,0.7623,0.2087446,0.096291,0.009272,0.2481,0.4068,0.1723,0.09699999999999999,0.1422,2011,Rabi       ,27504,64769,2.3548938336242,02
745,CHURU,20462,0.0861,0.6851,0.20197279999999998,0.07144400000000001,0.005104200000000001,0.215,0.2979,0.1799,0.0861,0.1597,2012,Rabi       ,24469,26110,1.0670644488945196,02
747,CHURU,20462,0.0948,0.7778,0.1930276,0.10370019999999999,0.010753700000000001,0.2085,0.3247,0.1491,0.0948,0.131,2013,Rabi       ,29668,62135,2.094344074423621,02
749,CHURU,20462,0.1042,0.8,0.21902689999999997,0.11373319999999999,0.0129352,0.2531,0.4157,0.1704,0.1042,0.1447,2014,Rabi       ,33368,69914,2.0952409494126107,02
751,CHURU,20462,0.1003,0.7517,0.2077264,0.1092049,0.011925700000000001,0.236875,0.3849,0.1595,0.1003,0.1381,2015,Rabi       ,32072,51944,1.6196058867548018,02
753,CHURU,20462,0.115,0.7747,0.21248720000000004,0.1032451,0.0106596,0.238375,0.3722,0.1641,0.115,0.1491,2016,Rabi       ,32861,74161,2.2568089832932654,02
755,CHURU,20462,0.1009,0.7859999999999999,0.22325589999999998,0.1197327,0.0143359,0.2634,0.4429,0.1668,0.1009,0.1437,2017,Rabi       ,35143,71736,2.0412599948780694,02
757,CHURU,20462,0.0987,0.7855,0.2138813,0.11028589999999999,0.012163,0.2448,0.3933,0.1644,0.0987,0.1458,2018,Rabi       ,33489,73283,2.188270775478516,02
759,CHURU,20462,0.0984,0.7932,0.22101500000000002,0.1194612,0.014271,0.2584,0.4312,0.1687,0.0984,0.1432,2019,Rabi       ,33554,77768,2.3176968468736963,02
761,DAUSA,4495,0.1776,0.7979999999999999,0.4401604,0.1383191,0.019132200000000002,0.54535,0.7979999999999999,0.4298,0.1776,0.32415,2001,Rabi       ,95200,270712,2.8436134453781516,02
763,DAUSA,4495,0.1646,0.8071,0.4576767,0.1456957,0.0212272,0.57955,0.8071,0.4581,0.1646,0.32899999999999996,2002,Rabi       ,87432,291645,3.335678012626956,02
765,DAUSA,4495,0.1377,0.7925,0.437015,0.1603638,0.025716500000000003,0.56765,0.7925,0.4305,0.1377,0.28745,2003,Rabi       ,82714,264936,3.2030369707667385,02
767,DAUSA,4495,0.1604,0.7783,0.4728557,0.1368344,0.0187236,0.58335,0.7783,0.4724,0.1604,0.3576,2004,Rabi       ,89144,281950,3.1628600915372878,02
769,DAUSA,4495,0.1898,0.746,0.45908509999999997,0.12201960000000002,0.0148888,0.5592,0.746,0.4605,0.1898,0.36085,2005,Rabi       ,78802,196430,2.492703230882465,02
771,DAUSA,4495,0.1909,0.7339,0.43244259999999995,0.1242049,0.0154269,0.5337,0.7339,0.426,0.1909,0.32535,2006,Rabi       ,73006,249518,3.4177738815987726,02
773,DAUSA,4495,0.1804,0.8191,0.4542549,0.16485329999999998,0.027176599999999995,0.59475,0.8191,0.444,0.1804,0.3009,2007,Rabi       ,75948,196390,2.585848211934481,02
775,DAUSA,4495,0.1782,0.779,0.43103320000000006,0.15150439999999998,0.022953599999999998,0.55175,0.779,0.4149,0.1782,0.29215,2008,Rabi       ,77470,223996,2.8913902155673163,02
777,DAUSA,4495,0.2077,0.7534,0.45412939999999996,0.1254947,0.0157489,0.55825,0.7534,0.4443,0.2077,0.3446,2009,Rabi       ,77365,245789,3.177005105667938,02
779,DAUSA,4495,0.1902,0.8123,0.47339040000000004,0.1493889,0.022317,0.5989,0.8123,0.4693,0.1902,0.34135,2010,Rabi       ,83956,291788,3.4754871599409216,02
781,DAUSA,4495,0.2287,0.8437,0.5754374,0.1365134,0.0186359,0.6890000000000001,0.8437,0.5809,0.2287,0.47235,2011,Rabi       ,94455,335173,3.5484939918479705,02
783,DAUSA,4495,0.2255,0.7716,0.4685376,0.12120689999999999,0.0146911,0.55985,0.7716,0.4568,0.2255,0.3674,2012,Rabi       ,87883,331343,3.7702741144476177,02
785,DAUSA,4495,0.2072,0.8318,0.5222635999999999,0.1346894,0.0181412,0.6296,0.8318,0.5154,0.2072,0.41175,2013,Rabi       ,91312,338857,3.7109799369195726,02
787,DAUSA,4495,0.2454,0.8169,0.576817,0.1243796,0.015470300000000001,0.6779999999999999,0.8169,0.5938,0.2454,0.48985,2014,Rabi       ,95716,355461,3.713705127669355,02
789,DAUSA,4495,0.19899999999999998,0.818,0.5338801,0.13984549999999998,0.0195568,0.65255,0.818,0.5405,0.19899999999999998,0.4194,2015,Rabi       ,103644,373078,3.5996102041603955,02
791,DAUSA,4495,0.1877,0.8263,0.5022364,0.1660357,0.027567900000000003,0.6455,0.8263,0.4987,0.1877,0.353,2016,Rabi       ,99613,379886,3.8136187043859735,02
793,DAUSA,4495,0.1786,0.8340000000000001,0.5096549,0.1346545,0.0181318,0.62375,0.8340000000000001,0.5078,0.1786,0.3949,2017,Rabi       ,102485,418634,4.0848319266234085,02
795,DAUSA,4495,0.1756,0.8192,0.45418270000000005,0.1594399,0.0254211,0.5952,0.8192,0.433,0.1756,0.3075,2018,Rabi       ,90546,390089,4.3081858944624845,02
797,DAUSA,4495,0.1989,0.826,0.5026803,0.1524282,0.023234400000000002,0.6343,0.826,0.5093,0.1989,0.3618,2019,Rabi       ,85773,371052,4.325976705956419,02
799,DUNGARPUR,4643,0.1142,0.5421,0.2376335,0.0444976,0.00198,0.2548,0.3215,0.2271,0.1491,0.2103,2001,Rabi       ,10107,26750,2.6466805184525577,02
801,DUNGARPUR,4643,-0.0357,0.5876,0.2648463,0.06199880000000001,0.0038439,0.28975,0.389,0.2469,0.125,0.2234,2002,Rabi       ,23541,71315,3.029395522705068,02
803,DUNGARPUR,4643,0.1281,0.5611,0.2281114,0.053831899999999995,0.0028979,0.245,0.3203,0.2136,0.1281,0.1948,2003,Rabi       ,9536,17633,1.8490981543624159,02
805,DUNGARPUR,4641,-0.1723,0.6417,0.30594740000000004,0.07529069999999999,0.0056687,0.3392,0.4599,0.2898,0.1432,0.2585,2004,Rabi       ,33573,72447,2.1578947368421053,02
807,DUNGARPUR,4643,-0.1482,0.6103,0.3091477,0.077183,0.005957199999999999,0.34715,0.4813,0.2934,0.1254,0.2577,2005,Rabi       ,37821,80873,2.138309404828006,02
809,DUNGARPUR,4643,-0.075,0.616,0.2958981,0.0643951,0.0041467,0.3262,0.4377,0.2806,0.1434,0.25185,2006,Rabi       ,35622,57414,1.6117567795182752,02
811,DUNGARPUR,4643,-0.1084,0.6844,0.33964570000000005,0.07354880000000001,0.005409399999999999,0.382,0.5232,0.3296,0.1477,0.2877,2007,Rabi       ,40855,71327,1.7458573002080529,02
813,DUNGARPUR,4643,-0.0752,0.6581,0.3311759,0.07338510000000001,0.0053854,0.3713,0.511,0.3183,0.1454,0.27805,2008,Rabi       ,41492,76137,1.8349802371541504,02
815,DUNGARPUR,4643,0.0719,0.73,0.2606444,0.0606573,0.0036793,0.28525,0.382,0.2441,0.1478,0.2207,2009,Rabi       ,18296,24530,1.340730214254482,02
817,DUNGARPUR,4643,0.0876,0.6607,0.3264458,0.07736860000000001,0.0059859,0.3656,0.507,0.31,0.1359,0.2712,2010,Rabi       ,36010,64072,1.7792835323521243,02
819,DUNGARPUR,4643,0.1054,0.7368,0.3637882,0.0831992,0.0069221000000000005,0.41075,0.5746,0.3468,0.1756,0.3014,2011,Rabi       ,37334,58101,1.556248995553651,02
821,DUNGARPUR,4643,-0.0639,0.7446,0.3691851,0.078082,0.0060968,0.41325,0.5614,0.3583,0.1692,0.31435,2012,Rabi       ,45085,90785,2.0136409005212377,02
823,DUNGARPUR,4643,-0.1148,0.6829999999999999,0.3771006,0.0815747,0.0066543999999999996,0.4267,0.5873,0.3651,0.1637,0.3194,2013,Rabi       ,45749,78533,1.7166058274497804,02
825,DUNGARPUR,4643,-0.1798,0.7348,0.44200200000000006,0.0910456,0.0082893,0.503,0.6925,0.4352,0.1946,0.37545,2014,Rabi       ,47474,90477,1.9058221342208368,02
827,DUNGARPUR,4643,-0.009000000000000001,0.7045,0.36806490000000003,0.0847665,0.0071854,0.4162,0.5821,0.3533,0.1465,0.3053,2015,Rabi       ,46208,86772,1.8778566481994459,02
829,DUNGARPUR,4643,0.1355,0.7378,0.35753070000000003,0.08296010000000001,0.0068823999999999995,0.3974,0.544,0.3384,0.1546,0.2993,2016,Rabi       ,43949,79296,1.8042731347698469,02
831,DUNGARPUR,4643,-0.1385,0.7424,0.38209109999999996,0.08713739999999999,0.0075929000000000005,0.4293,0.5925,0.3655,0.1573,0.3204,2017,Rabi       ,46988,97791,2.081190942368264,02
833,DUNGARPUR,4643,0.1157,0.7244,0.38853390000000004,0.08567519999999999,0.0073402,0.4395,0.6099,0.3699,0.1799,0.3259,2018,Rabi       ,47729,110597,2.317186616103417,02
835,DUNGARPUR,4643,0.0727,0.7834,0.3860245,0.08435989999999999,0.0071166,0.43335,0.5977,0.3713,0.1639,0.32365,2019,Rabi       ,47295,101283,2.1415160164922296,02
837,GANGANAGAR,14047,-0.1476,0.7734,0.29342579999999996,0.1541259,0.0237548,0.41915,0.7734,0.2747,-0.1476,0.1444,2001,Rabi       ,218401,537028,2.4589081551824394,02
839,GANGANAGAR,14046,-0.1121,0.7692,0.3487648,0.1656944,0.0274546,0.4889,0.7692,0.3593,-0.1121,0.187,2002,Rabi       ,213808,614195,2.872647421986081,02
841,GANGANAGAR,13734,-0.0593,0.7786,0.3106558,0.1708905,0.0292036,0.4556,0.7786,0.2896,-0.0593,0.151,2003,Rabi       ,154930,414538,2.6756470664170915,02
843,GANGANAGAR,14047,-0.0677,0.8144,0.3832301,0.1858491,0.0345399,0.5394,0.8144,0.409,-0.0677,0.1947,2004,Rabi       ,173534,481910,2.7770350478868693,02
845,GANGANAGAR,14047,-0.0359,0.7978,0.3793247,0.17565770000000003,0.030855599999999997,0.5236,0.7978,0.4152,-0.0359,0.2029,2005,Rabi       ,149237,474366,3.1786085220153177,02
847,GANGANAGAR,14047,0.0561,0.763,0.376407,0.18304289999999998,0.0335047,0.53865,0.763,0.3979,0.0561,0.19655,2006,Rabi       ,191727,601031,3.1348271239835808,02
849,GANGANAGAR,14047,0.0714,0.8245,0.4171184,0.1915511,0.036691800000000004,0.5823,0.8245,0.4637,0.0714,0.228,2007,Rabi       ,192667,686227,3.561725671754893,02
851,GANGANAGAR,14046,-0.1498,0.7363,0.3630583,0.1735261,0.0301113,0.5158,0.7363,0.38515,-0.1498,0.188825,2008,Rabi       ,202387,645520,3.1895329245455484,02
853,GANGANAGAR,14047,-0.0394,0.8285,0.4342649,0.19649489999999997,0.0386102,0.6039,0.8285,0.4717,-0.0394,0.247,2009,Rabi       ,213503,809140,3.7898296511056047,02
855,GANGANAGAR,14047,0.0719,0.8049,0.3578412,0.1873382,0.0350956,0.52685,0.8049,0.3657,0.0719,0.1697,2010,Rabi       ,202210,575623,2.8466594134810346,02
857,GANGANAGAR,14047,-0.1492,0.8274,0.4707446,0.203021,0.041217500000000004,0.6468,0.8274,0.5289,-0.1492,0.28085,2011,Rabi       ,236076,1049386,4.445119368339009,02
859,GANGANAGAR,14047,-0.1196,0.8007,0.4049354,0.17386629999999997,0.030229500000000003,0.5526,0.8007,0.4531,-0.1196,0.2356,2012,Rabi       ,252690,1001106,3.96179508488662,02
861,GANGANAGAR,14047,-0.1195,0.8337,0.4694427,0.2079994,0.043263699999999995,0.64755,0.8337,0.5231,-0.1195,0.2878,2013,Rabi       ,243122,937270,3.855142685565272,02
863,GANGANAGAR,14047,-0.012,0.8403,0.4714173,0.2168842,0.047038800000000006,0.6633,0.8403,0.5085,-0.012,0.2783,2014,Rabi       ,262808,1095610,4.168860917475876,02
865,GANGANAGAR,14047,-0.1226,0.8416,0.44654859999999996,0.21399690000000002,0.045794699999999994,0.6382,0.8416,0.4736,-0.1226,0.25005,2015,Rabi       ,256659,937036,3.6508986632068234,02
867,GANGANAGAR,14047,0.0805,0.8490000000000001,0.47054809999999997,0.21064580000000002,0.044371600000000004,0.65845,0.8490000000000001,0.5075,0.0805,0.28275,2016,Rabi       ,274584,1037621,3.7788836931503655,02
869,GANGANAGAR,14047,-0.1808,0.8548,0.4594205,0.19985350000000002,0.0399414,0.6277,0.8548,0.4939,-0.1808,0.2955,2017,Rabi       ,248342,984304,3.9635019448985673,02
871,GANGANAGAR,14047,-0.0612,0.8361,0.45454459999999997,0.20584560000000002,0.0423724,0.6348,0.8361,0.4889,-0.0612,0.2732,2018,Rabi       ,262110,1059309,4.041467322879707,02
873,GANGANAGAR,14047,0.087,0.8586,0.5042013,0.2176692,0.0473799,0.6912,0.8586,0.5599,0.087,0.3199,2019,Rabi       ,261633,1094919,4.184942266457213,02
875,HANUMANGARH,10918,-0.1851,0.8773,0.2664455,0.1948785,0.0379776,0.42265,0.8773,0.1484,-0.1851,0.1103,2001,Rabi       ,202958,519657,2.5604164408399765,02
877,HANUMANGARH,10919,-0.15,0.8714,0.3061482,0.20570570000000002,0.0423149,0.48975,0.8714,0.1894,-0.15,0.1314,2002,Rabi       ,203752,639796,3.1400722446896228,02
879,HANUMANGARH,10882,-0.1444,0.8493,0.3137211,0.2114599,0.0447153,0.507975,0.8493,0.2158,-0.1444,0.1275,2003,Rabi       ,167298,523366,3.12834582601107,02
881,HANUMANGARH,10919,-0.1997,0.8835,0.3453303,0.2167355,0.046974300000000004,0.5492,0.8835,0.247,-0.1997,0.1497,2004,Rabi       ,178519,453304,2.5392479231902487,02
883,HANUMANGARH,10919,-0.022000000000000002,0.8636,0.3362783,0.21845900000000001,0.047724300000000004,0.54745,0.8636,0.2363,-0.022000000000000002,0.1349,2005,Rabi       ,157654,526746,3.3411521433011533,02
885,HANUMANGARH,10919,-0.0056,0.8557,0.326961,0.2029943,0.04120669999999999,0.5242,0.8557,0.2254,-0.0056,0.1519,2006,Rabi       ,175779,513169,2.919398790526741,02
887,HANUMANGARH,10919,-0.0618,0.8574,0.3611307,0.22715239999999998,0.0515982,0.5921,0.8574,0.2726,-0.0618,0.15195,2007,Rabi       ,186411,633208,3.3968381694213323,02
889,HANUMANGARH,10917,-0.1498,0.8411,0.3241933,0.1910789,0.0365111,0.5045,0.8411,0.2433,-0.1498,0.1599,2008,Rabi       ,216076,604842,2.799209537384994,02
891,HANUMANGARH,10919,-0.1064,0.8675,0.3831618,0.2262538,0.0511908,0.60535,0.8675,0.3057,-0.1064,0.17695,2009,Rabi       ,207479,680021,3.27754134153336,02
893,HANUMANGARH,10919,0.0859,0.8578,0.3245318,0.21990660000000004,0.0483589,0.5368,0.8578,0.2175,0.0859,0.12505,2010,Rabi       ,217397,657210,3.0230867951259683,02
895,HANUMANGARH,10919,-0.1021,0.8490000000000001,0.4041437,0.21849539999999998,0.047740199999999997,0.6244,0.8490000000000001,0.3526,-0.1021,0.2027,2011,Rabi       ,227096,867972,3.8220488251664495,02
897,HANUMANGARH,10919,-0.1196,0.8683,0.3458884,0.1935249,0.0374519,0.5354,0.8683,0.2625,-0.1196,0.1767,2012,Rabi       ,247880,896383,3.6161973535581735,02
899,HANUMANGARH,10919,-0.1067,0.8846,0.36800079999999996,0.24095170000000002,0.0580577,0.61665,0.8846,0.2692,-0.1067,0.1433,2013,Rabi       ,234125,884340,3.777213027229045,02
901,HANUMANGARH,10919,-0.0405,0.8834,0.4127669,0.2548406,0.06494370000000001,0.67935,0.8834,0.3413,-0.0405,0.1618,2014,Rabi       ,247706,885386,3.5743421636940567,02
903,HANUMANGARH,10919,-0.1675,0.8623,0.3773322,0.24735990000000002,0.0611869,0.63385,0.8623,0.2896,-0.1675,0.1354,2015,Rabi       ,255214,887259,3.4765295007327186,02
905,HANUMANGARH,10919,0.0966,0.8913,0.38753150000000003,0.24560879999999996,0.060323699999999994,0.64285,0.8913,0.3028,0.0966,0.14895,2016,Rabi       ,243714,973765,3.995523441410834,02
907,HANUMANGARH,10919,-0.1421,0.8861,0.4041283,0.25013040000000003,0.06256519999999999,0.65625,0.8861,0.3385,-0.1421,0.1573,2017,Rabi       ,240237,969073,4.033820768657617,02
909,HANUMANGARH,10919,-0.0612,0.8591,0.3885887,0.2464413,0.06073330000000001,0.64435,0.8591,0.3032,-0.0612,0.1486,2018,Rabi       ,244534,1079259,4.413533496364513,02
911,HANUMANGARH,10919,-0.0059,0.8871,0.4192585999999999,0.2589655,0.06706310000000001,0.6865,0.8871,0.3595,-0.0059,0.1596,2019,Rabi       ,245123,1195063,4.87536053328329,02
913,JAIPUR,13601,0.0422,0.7490000000000001,0.3382133,0.13099260000000001,0.017159099999999997,0.4367,0.7357,0.3015,0.0422,0.22899999999999998,2001,Rabi       ,170245,354096,2.0799201151281976,02
915,JAIPUR,13601,-0.1635,0.7869,0.35013690000000003,0.1431527,0.020492700000000003,0.4634,0.7869,0.3037,-0.1112,0.23199999999999998,2002,Rabi       ,161348,496017,3.0742060639115447,02
917,JAIPUR,13599,-0.1754,0.8004,0.3494522,0.16830920000000002,0.028327999999999996,0.484,0.8004,0.2886,-0.1754,0.20965,2003,Rabi       ,145798,425900,2.921164899381336,02
919,JAIPUR,13596,-0.1972,0.7656,0.36527329999999997,0.146286,0.021399599999999998,0.477525,0.7656,0.3181,-0.0824,0.2455,2004,Rabi       ,157519,469499,2.9805864689339066,02
921,JAIPUR,13601,0.0646,0.7715,0.393156,0.1357648,0.0184321,0.4934,0.7715,0.3683,0.0646,0.2868,2005,Rabi       ,155445,464550,2.988516838753257,02
923,JAIPUR,13601,0.0343,0.7424,0.3461204,0.1352372,0.0182891,0.439,0.7367,0.3043,0.0343,0.2403,2006,Rabi       ,139818,387943,2.7746284455506443,02
925,JAIPUR,13601,-0.07400000000000001,0.7802,0.34328159999999996,0.1606173,0.025797900000000006,0.4659,0.7802,0.2827,-0.07400000000000001,0.2113,2007,Rabi       ,136066,352372,2.5897138153543136,02
927,JAIPUR,13601,0.063,0.746,0.3304757,0.14057820000000001,0.0197622,0.4281,0.741,0.27699999999999997,0.063,0.2194,2008,Rabi       ,132008,288950,2.188882491970184,02
929,JAIPUR,13600,-0.1528,0.7637,0.36399190000000003,0.1466662,0.021511000000000002,0.4678,0.7637,0.3152,-0.068,0.2504,2009,Rabi       ,136789,425084,3.1075890605238725,02
931,JAIPUR,13601,0.046,0.7583,0.33274390000000004,0.15766960000000002,0.024859700000000002,0.4465,0.7583,0.272,0.046,0.20600000000000002,2010,Rabi       ,139226,447502,3.214212862540043,02
933,JAIPUR,13589,-0.1823,0.7835,0.46782840000000003,0.13687470000000002,0.0187347,0.574,0.7835,0.45899999999999996,0.0521,0.3648,2011,Rabi       ,158861,590946,3.7198934917947137,02
935,JAIPUR,13601,-0.1867,0.7448,0.3812759,0.131667,0.0173362,0.4698,0.7448,0.3554,-0.0057,0.2796,2012,Rabi       ,148076,461366,3.1157378643399336,02
937,JAIPUR,13574,-0.1847,0.7831,0.4180732,0.145972,0.021307800000000002,0.5258,0.7831,0.3992,-0.0256,0.3052,2013,Rabi       ,151092,510277,3.3772602123209703,02
939,JAIPUR,13601,0.0109,0.8109,0.47115379999999996,0.1444569,0.0208678,0.586,0.8109,0.4591,0.0283,0.3594,2014,Rabi       ,153563,473829,3.0855674869597496,02
941,JAIPUR,13601,-0.0293,0.7788,0.41032029999999997,0.1394253,0.0194394,0.5144,0.7788,0.386,-0.0155,0.3017,2015,Rabi       ,157649,502927,3.19016930015414,02
943,JAIPUR,13601,0.0624,0.7909,0.36595659999999997,0.14735610000000002,0.021713800000000002,0.4661,0.7909,0.3177,0.0624,0.2483,2016,Rabi       ,150350,477120,3.173395410708347,02
945,JAIPUR,13601,0.0175,0.7985,0.4104161,0.13638570000000003,0.0186011,0.5015,0.7929,0.3926,0.0175,0.3065,2017,Rabi       ,157232,569358,3.6211331026763,02
947,JAIPUR,13601,0.0503,0.7825,0.339904,0.13316229999999998,0.0177322,0.4071,0.6554,0.2949,0.0503,0.2415,2018,Rabi       ,140904,512683,3.638526940328167,02
949,JAIPUR,13601,0.0559,0.7896,0.392771,0.13376429999999997,0.0178929,0.4774,0.7559,0.3628,0.0559,0.2912,2019,Rabi       ,139519,530407,3.801682924906285,02
951,JAISALMER,45852,-0.1827,0.4453,0.09872339999999999,0.021002200000000002,0.00044110000000000004,0.1092,0.1449,0.0962,0.0521,0.0854,2001,Rabi       ,11003,26426,2.4017086249204764,02
953,JAISALMER,45853,-0.0682,0.4214,0.1154827,0.0263279,0.0006932,0.1285,0.1738,0.11199999999999999,0.0542,0.0983,2002,Rabi       ,11448,31975,2.7930642907058,02
955,JAISALMER,45852,0.0365,0.5009,0.0802449,0.019102,0.0003649,0.0843,0.1038,0.0776,0.0518,0.0713,2003,Rabi       ,7486,20280,2.7090569062249528,02
957,JAISALMER,45853,-0.0726,0.5117,0.1365578,0.042201300000000004,0.0017809000000000002,0.1566,0.2302,0.1284,0.0413,0.1075,2004,Rabi       ,5377,15023,2.7939371396689605,02
959,JAISALMER,45853,0.0327,0.5716,0.0913557,0.0289525,0.0008382,0.0963,0.1243,0.0858,0.0496,0.0776,2005,Rabi       ,4821,13686,2.838830118232732,02
961,JAISALMER,45853,-0.0983,0.5557,0.1006336,0.0373279,0.0013934000000000002,0.1061,0.1434,0.0936,0.0444,0.0812,2006,Rabi       ,13015,35942,2.7615827890895117,02
963,JAISALMER,45842,-0.1988,0.6338,0.12673589999999998,0.045939999999999995,0.0021105,0.1354,0.184,0.1177,0.0561,0.10300000000000001,2007,Rabi       ,13030,19197,1.4732924021488871,02
965,JAISALMER,45850,-0.126,0.5574,0.10808980000000001,0.0374743,0.0014042999999999998,0.1147,0.1532,0.1001,0.0512,0.08900000000000001,2008,Rabi       ,9696,8987,0.9268770627062708,02
967,JAISALMER,45853,0.0391,0.5908,0.1104403,0.046276300000000006,0.0021414999999999997,0.1114,0.1454,0.099,0.0549,0.0887,2009,Rabi       ,9521,7878,0.827434093057452,02
969,JAISALMER,45853,0.0335,0.6403,0.0916294,0.0339461,0.0011523,0.0961,0.1268,0.0848,0.045,0.0756,2010,Rabi       ,10768,12725,1.1817421991084696,02
971,JAISALMER,45853,-0.1655,0.6731,0.1468992,0.046866000000000005,0.0021964000000000003,0.1587,0.2133,0.1392,0.0677,0.1223,2011,Rabi       ,15127,51937,3.433397236729028,02
973,JAISALMER,45845,-0.1804,0.583,0.150953,0.0452293,0.0020457,0.1667,0.2301,0.1433,0.0651,0.1244,2012,Rabi       ,14076,18403,1.3074026712134128,02
975,JAISALMER,45853,0.0575,0.6911,0.13765460000000002,0.05283909999999999,0.002792,0.1492,0.2107,0.1255,0.0575,0.1082,2013,Rabi       ,13424,17467,1.3011769964243147,02
977,JAISALMER,45853,0.0571,0.6746,0.1282057,0.0488788,0.0023891,0.1353,0.1825,0.1182,0.0571,0.1038,2014,Rabi       ,13709,18128,1.322342986359326,02
979,JAISALMER,45853,0.0441,0.6293,0.1109202,0.04745,0.0022515,0.1159,0.1591,0.0984,0.0441,0.0871,2015,Rabi       ,10318,10022,0.9713122698197324,02
981,JAISALMER,45853,-0.1475,0.7256,0.1394256,0.053617399999999996,0.0028748000000000003,0.15,0.20800000000000002,0.1285,0.061,0.1113,2016,Rabi       ,12514,17427,1.3926002876778008,02
983,JAISALMER,45853,0.0486,0.6922,0.12203519999999998,0.052683,0.0027754999999999998,0.1301,0.1841,0.1093,0.0486,0.0941,2017,Rabi       ,9989,13824,1.383922314546001,02
985,JAISALMER,45853,0.0503,0.64,0.12713010000000002,0.0502446,0.0025245000000000003,0.1363,0.1912,0.1125,0.0503,0.0997,2018,Rabi       ,8983,16116,1.7940554380496494,02
987,JAISALMER,45853,0.0346,0.6578,0.11277160000000001,0.058748,0.0034513000000000005,0.1178,0.1716,0.0943,0.0346,0.0819,2019,Rabi       ,7882,14209,1.8027150469424005,02
989,JHALAWAR,7796,0.1492,0.7702,0.3133347,0.1063278,0.011305599999999999,0.3582,0.5407,0.287,0.1492,0.236375,2001,Rabi       ,45144,86361,1.9130116959064327,02
991,JHALAWAR,7796,0.152,0.7364,0.34198090000000003,0.1201771,0.0144425,0.413225,0.6627,0.3166,0.152,0.246475,2002,Rabi       ,48161,121599,2.524843753244326,02
993,JHALAWAR,7796,0.1292,0.7429,0.28629699999999997,0.09374060000000001,0.0087873,0.3181,0.4582,0.2661,0.1292,0.224675,2003,Rabi       ,21558,48080,2.2302625475461544,02
995,JHALAWAR,7796,0.1351,0.7682,0.36907840000000003,0.123106,0.015155100000000001,0.4439,0.6961,0.3396,0.1351,0.2756,2004,Rabi       ,34651,96196,2.776139216761421,02
997,JHALAWAR,7796,-0.1654,0.7542,0.3856283,0.12324660000000001,0.015189700000000002,0.4766,0.7542,0.3718,0.1405,0.2857,2005,Rabi       ,49431,161194,3.260990066962028,02
999,JHALAWAR,7795,0.1517,0.7534,0.3335478,0.11887139999999999,0.0141304,0.3849,0.5931,0.3004,0.1517,0.24600000000000002,2006,Rabi       ,37166,102947,2.7699241241995374,02
1001,JHALAWAR,7795,0.091,0.8096,0.4041307,0.1307898,0.017106,0.50315,0.8096,0.3949,0.091,0.2948,2007,Rabi       ,72456,235175,3.245762945787789,02
1003,JHALAWAR,7796,0.1261,0.7551,0.3588364,0.1231338,0.0151619,0.439025,0.7094,0.33205,0.1261,0.258175,2008,Rabi       ,57376,164458,2.866320412716118,02
1005,JHALAWAR,7796,-0.0365,0.7472,0.3969798,0.1289537,0.016628999999999998,0.49045,0.7472,0.37799999999999995,0.1647,0.292375,2009,Rabi       ,58810,163674,2.7830981125658902,02
1007,JHALAWAR,7796,0.0194,0.8103,0.4263187,0.1242538,0.015438999999999998,0.5165,0.7968,0.42375,0.1236,0.32905,2010,Rabi       ,67915,226609,3.3366561142604727,02
1009,JHALAWAR,7796,0.1323,0.7979,0.39728,0.1326757,0.0176028,0.4734,0.7392,0.37095,0.1323,0.2959,2011,Rabi       ,70511,222286,3.1525010282083645,02
1011,JHALAWAR,7796,-0.1153,0.7929999999999999,0.4576312,0.1403912,0.0197097,0.576925,0.7929999999999999,0.4563,0.1156,0.3384,2012,Rabi       ,87563,330747,3.7772460970958055,02
1013,JHALAWAR,7795,-0.0653,0.8312,0.47631009999999996,0.14744749999999998,0.021740799999999998,0.59725,0.8312,0.4677,0.1345,0.3555,2013,Rabi       ,86055,279018,3.2423217709604324,02
1015,JHALAWAR,7795,-0.1444,0.8515,0.5378261,0.1510163,0.022805900000000004,0.66205,0.8515,0.5664,0.1417,0.4166,2014,Rabi       ,106834,329955,3.0884830671883483,02
1017,JHALAWAR,7796,-0.0078,0.8343,0.5064334,0.15112579999999998,0.022838999999999998,0.63195,0.8343,0.5148,0.0685,0.385375,2015,Rabi       ,112534,352790,3.1349636554285816,02
1019,JHALAWAR,7796,-0.1852,0.8245,0.45281140000000003,0.15785320000000003,0.024917599999999998,0.589,0.8245,0.44255,-0.027999999999999997,0.317675,2016,Rabi       ,102108,354563,3.4724311513299644,02
1021,JHALAWAR,7794,-0.0672,0.8335,0.4867693,0.15569070000000002,0.0242396,0.618675,0.8335,0.49515,0.0709,0.355625,2017,Rabi       ,109041,417546,3.8292568850248982,02
1023,JHALAWAR,7796,-0.142,0.8354,0.44739940000000006,0.1455629,0.0211886,0.56535,0.8354,0.4354,0.0305,0.3246,2018,Rabi       ,102202,413256,4.043521653196612,02
1025,JHALAWAR,7796,-0.1108,0.8578,0.5230521,0.15525999999999998,0.0241057,0.652125,0.8578,0.5406,0.0792,0.3977,2019,Rabi       ,105638,426073,4.03333080898919,02
1027,JODHPUR,27279,0.0618,0.7145,0.1588984,0.07009560000000001,0.004913399999999999,0.182,0.2868,0.1389,0.0618,0.1121,2001,Rabi       ,46851,101724,2.171223666517257,02
1029,JODHPUR,27279,0.067,0.6942,0.17013910000000002,0.0705415,0.004976100000000001,0.1979,0.3125,0.151,0.067,0.1215,2002,Rabi       ,38463,104487,2.7165587707667114,02
1031,JODHPUR,27279,0.0595,0.648,0.1295982,0.06579489999999999,0.0043289999999999995,0.1442,0.2265,0.11,0.0595,0.0893,2003,Rabi       ,40643,80102,1.9708682922028395,02
1033,JODHPUR,27279,0.0659,0.7091,0.1822654,0.075541,0.0057063999999999995,0.2077,0.3221,0.1701,0.0659,0.1314,2004,Rabi       ,36836,93104,2.527527418829406,02
1035,JODHPUR,27279,0.0591,0.7241,0.15988029999999998,0.08111460000000001,0.0065796000000000006,0.1851,0.3045,0.1431,0.0591,0.1055,2005,Rabi       ,34403,76125,2.2127430747318546,02
1037,JODHPUR,27279,0.0714,0.7084,0.16049360000000001,0.0713249,0.0050872,0.1849,0.2944,0.1453,0.0714,0.1119,2006,Rabi       ,35843,75319,2.1013587032335463,02
1039,JODHPUR,27279,0.0589,0.7156,0.1610331,0.0760859,0.0057891,0.1817,0.2938,0.1499,0.0589,0.1069,2007,Rabi       ,37751,76355,2.022595427935684,02
1041,JODHPUR,27279,0.0627,0.6922,0.1645691,0.07822910000000001,0.0061198,0.1893,0.3063,0.1457,0.0627,0.1113,2008,Rabi       ,41824,86363,2.064914881407804,02
1043,JODHPUR,27279,0.0628,0.6048,0.16455079999999997,0.06982200000000001,0.0048751,0.1891,0.3014,0.151,0.0628,0.1142,2009,Rabi       ,41501,81665,1.967783908821474,02
1045,JODHPUR,27279,0.062,0.6673,0.1572581,0.0775253,0.006010199999999999,0.1783,0.2915,0.1406,0.062,0.1028,2010,Rabi       ,53143,132805,2.4990120994298404,02
1047,JODHPUR,27279,0.0809,0.7531,0.2081224,0.0876044,0.007674500000000001,0.2371,0.3709,0.1897,0.0809,0.1479,2011,Rabi       ,59285,149046,2.5140592055325968,02
1049,JODHPUR,27279,0.073,0.6692,0.2010593,0.060425099999999995,0.0036512,0.221,0.312,0.1922,0.073,0.1603,2012,Rabi       ,50154,136352,2.7186665071579537,02
1051,JODHPUR,27279,0.0716,0.6984,0.2161533,0.0852615,0.007269499999999999,0.24465,0.3704,0.1967,0.0716,0.1608,2013,Rabi       ,60974,133164,2.183947256207564,02
1053,JODHPUR,27279,0.0773,0.6865,0.2257578,0.0908582,0.0082552,0.266,0.428,0.2086,0.0773,0.158,2014,Rabi       ,67879,152460,2.2460554810766222,02
1055,JODHPUR,27279,0.0618,0.67,0.21817759999999997,0.08686160000000001,0.0075449,0.2545,0.41200000000000003,0.2083,0.0618,0.1495,2015,Rabi       ,67781,130806,1.9298328440123336,02
1057,JODHPUR,27279,0.0894,0.7256,0.2268197,0.0876937,0.0076902,0.25935,0.3993,0.203,0.0894,0.166,2016,Rabi       ,69216,136221,1.9680565187239945,02
1059,JODHPUR,27279,0.0702,0.7128,0.2347902,0.09886389999999999,0.009774099999999999,0.2825,0.4704,0.2163,0.0702,0.1572,2017,Rabi       ,77939,180677,2.31818473421522,02
1061,JODHPUR,27279,0.0724,0.6592,0.22143320000000002,0.0834383,0.006962,0.2584,0.4066,0.2125,0.0724,0.15955,2018,Rabi       ,66071,150969,2.2849510375202438,02
1063,JODHPUR,27279,0.0786,0.6827,0.2187244,0.0940661,0.0088484,0.2569,0.4197,0.1978,0.0786,0.14835,2019,Rabi       ,63675,149730,2.351472320376914,02
