,January,February,District,Year,Oct_District,October,Oct_Year,November,December
0,0.32668385,0.3016906,AJMER,2001,AJMER,0.4198347666666666,2001,0.3513195249999999,0.313983325
1,0.35443865,0.3825455,AJMER,2002,AJMER,0.2718141333333333,2002,0.2432572499999999,0.21508855
2,0.228508525,0.242486325,AJMER,2003,AJMER,0.4848939,2003,0.349769175,0.293108475
3,0.30477345,0.307986175,AJMER,2004,AJMER,0.456318875,2004,0.3695355,0.3228728999999999
4,0.351173175,0.34245775,AJMER,2005,AJMER,0.5913593,2005,0.4198267,0.3304378
5,0.343464375,0.3282672,AJMER,2006,AJMER,0.5179843333333333,2006,0.3934961999999999,0.334998775
6,0.341765225,0.350850475,AJMER,2007,AJMER,0.4829863333333333,2007,0.35756305,0.28739775
7,0.2936119,0.3093124,AJMER,2008,AJMER,0.4514744,2008,0.3600563333333333,0.3119776999999999
8,0.2936119,0.3093124,AJMER,2008,AJMER,0.4514744,2008,0.3600563333333333,0.3119776999999999
9,0.308230475,0.2850992,AJMER,2009,AJMER,0.3407829,2009,0.26831925,0.2332573999999999
10,0.23919115,0.234555475,AJMER,2010,AJMER,0.6390791333333333,2010,0.4037600999999999,0.343509675
11,0.23919115,0.234555475,AJMER,2010,AJMER,0.6390791333333333,2010,0.4037600999999999,0.343509675
12,0.23919115,0.234555475,AJMER,2010,AJMER,0.6390791333333333,2010,0.4037600999999999,0.343509675
13,0.23919115,0.234555475,AJMER,2010,AJMER,0.6390791333333333,2010,0.4037600999999999,0.343509675
14,0.452067725,0.6802149,AJMER,2011,AJMER,0.6070315999999999,2011,0.498574575,0.425192275
15,0.472250175,0.4763752,AJMER,2012,AJMER,0.6944367,2012,0.4895991666666666,0.44661095
16,0.525123675,0.648219425,AJMER,2013,AJMER,0.7279982333333334,2013,0.5704077999999999,0.5202718500000001
17,0.59613275,0.75771675,AJMER,2014,AJMER,0.6567948333333334,2014,0.5231772,0.464261575
18,0.568980525,0.6026996,AJMER,2015,AJMER,0.5122687333333332,2015,0.4286204999999999,0.402970225
19,0.447824525,0.452069533,AJMER,2016,AJMER,0.6168773,2016,0.5381949666666667,0.56653075
20,0.447824525,0.452069533,AJMER,2016,AJMER,0.6168773,2016,0.5381949666666667,0.56653075
21,0.64951565,0.623417225,AJMER,2017,AJMER,0.5218254333333334,2017,0.459454425,0.430998025
22,0.4734313,0.430055125,AJMER,2018,AJMER,0.7217732,2018,0.512507975,0.4231765749999999
23,0.448373775,0.4819422,AJMER,2019,AJMER,0.7738035999999999,2019,0.59811415,0.5875201999999999
24,0.898948275,1.150557125,ALWAR,2001,ALWAR,0.3800237666666666,2001,0.3379860749999999,0.49041045
25,0.8114157,1.16736425,ALWAR,2002,ALWAR,0.3490175333333333,2002,0.2852749,0.409998875
26,0.768187325,1.13432295,ALWAR,2003,ALWAR,0.5518213333333334,2003,0.4895059,0.59830585
27,0.861734125,1.2647193,ALWAR,2004,ALWAR,0.4941433749999999,2004,0.5402064666666667,0.753328175
28,1.055934325,1.03312235,ALWAR,2005,ALWAR,0.5664123333333334,2005,0.5368673749999999,0.662910225
29,0.984026225,1.0386916,ALWAR,2006,ALWAR,0.4387747666666666,2006,0.39234,0.64142035
30,0.983747075,1.2888072,ALWAR,2007,ALWAR,0.4768252333333333,2007,0.375951275,0.563891825
31,0.894600675,1.134282075,ALWAR,2008,ALWAR,0.539528525,2008,0.5629938666666666,0.7635292499999999
32,0.894600675,1.134282075,ALWAR,2008,ALWAR,0.539528525,2008,0.5629938666666666,0.7635292499999999
33,1.080502925,1.077651025,ALWAR,2009,ALWAR,0.5002711999999999,2009,0.4487910499999999,0.726067475
34,1.0056962,1.230583125,ALWAR,2010,ALWAR,0.6615258666666667,2010,0.5676994,0.7358908749999999
35,1.0056962,1.230583125,ALWAR,2010,ALWAR,0.6615258666666667,2010,0.5676994,0.7358908749999999
36,1.0056962,1.230583125,ALWAR,2010,ALWAR,0.6615258666666667,2010,0.5676994,0.7358908749999999
37,1.0056962,1.230583125,ALWAR,2010,ALWAR,0.6615258666666667,2010,0.5676994,0.7358908749999999
38,1.003033175,1.504649575,ALWAR,2011,ALWAR,0.61639,2011,0.549238225,0.669394125
39,0.956161075,1.1218367,ALWAR,2012,ALWAR,0.718434,2012,0.5415161333333334,0.62550785
40,0.912202825,1.4615478,ALWAR,2013,ALWAR,0.7686096333333333,2013,0.6124346249999999,0.771241025
41,1.00801435,1.4481518,ALWAR,2014,ALWAR,0.6117175333333333,2014,0.4745465,0.63961445
42,1.036269875,1.437806675,ALWAR,2015,ALWAR,0.4935664333333333,2015,0.410618,0.677661125
43,1.055271725,1.223914167,ALWAR,2016,ALWAR,0.5948678500000001,2016,0.5384934666666666,0.7632842
44,1.055271725,1.223914167,ALWAR,2016,ALWAR,0.5948678500000001,2016,0.5384934666666666,0.7632842
45,1.247128525,1.460828975,ALWAR,2017,ALWAR,0.4336256,2017,0.3848992,0.695719325
46,1.1344545,1.282677075,ALWAR,2018,ALWAR,0.6350506,2018,0.5364334749999999,0.7465992
47,1.088394725,1.3553551,ALWAR,2019,ALWAR,0.6743997333333334,2019,0.6104347999999999,0.833148875
48,0.391569275,0.3617047,BANSWARA,2001,BANSWARA,0.5459581666666666,2001,0.403421625,0.400216225
49,0.486821775,0.44756245,BANSWARA,2002,BANSWARA,0.5868759,2002,0.403201225,0.39296685
50,0.455208425,0.432302125,BANSWARA,2003,BANSWARA,0.934675,2003,0.55823665,0.458216575
51,0.611266975,0.592775925,BANSWARA,2004,BANSWARA,0.730071275,2004,0.4944449,0.399974675
52,0.5772414,0.604302375,BANSWARA,2005,BANSWARA,0.9689491666666666,2005,0.5592798,0.4460921
53,0.6285883,0.607515175,BANSWARA,2006,BANSWARA,0.8856313333333333,2006,0.5372553,0.518068125
54,0.643052275,0.6104084,BANSWARA,2007,BANSWARA,0.9133181333333332,2007,0.54769535,0.464014625
55,0.645199775,0.6777371,BANSWARA,2008,BANSWARA,0.7497963999999999,2008,0.4769006666666666,0.487929275
56,0.645199775,0.6777371,BANSWARA,2008,BANSWARA,0.7497963999999999,2008,0.4769006666666666,0.487929275
57,0.600410325,0.490285625,BANSWARA,2009,BANSWARA,0.8387182333333333,2009,0.536634025,0.5871129
58,0.747078275,0.57143385,BANSWARA,2010,BANSWARA,0.8357072333333333,2010,0.53976775,0.54086155
59,0.747078275,0.57143385,BANSWARA,2010,BANSWARA,0.8357072333333333,2010,0.53976775,0.54086155
60,0.747078275,0.57143385,BANSWARA,2010,BANSWARA,0.8357072333333333,2010,0.53976775,0.54086155
61,0.747078275,0.57143385,BANSWARA,2010,BANSWARA,0.8357072333333333,2010,0.53976775,0.54086155
62,0.75131635,0.75214015,BANSWARA,2011,BANSWARA,0.8747784666666666,2011,0.561444175,0.533759825
63,0.728547175,0.72053415,BANSWARA,2012,BANSWARA,0.9362828,2012,0.5574888,0.4987332249999999
64,0.67520145,0.76420555,BANSWARA,2013,BANSWARA,1.2018128,2013,0.7078927750000001,0.6088484000000001
65,0.852138,0.94991455,BANSWARA,2014,BANSWARA,0.938181,2014,0.573430525,0.5226479
66,0.7523922,0.7688982,BANSWARA,2015,BANSWARA,0.7571822,2015,0.513599075,0.526125425
67,0.723614025,0.641426867,BANSWARA,2016,BANSWARA,1.1644629249999998,2016,0.6676244333333333,0.602746625
68,0.723614025,0.641426867,BANSWARA,2016,BANSWARA,1.1644629249999998,2016,0.6676244333333333,0.602746625
69,0.84912985,0.823028625,BANSWARA,2017,BANSWARA,0.9276516666666668,2017,0.60118345,0.656951925
70,0.89685575,0.7479833,BANSWARA,2018,BANSWARA,1.0527874,2018,0.652078925,0.644115475
71,0.8238482,0.801460825,BANSWARA,2019,BANSWARA,1.3807667666666668,2019,0.778737025,0.7231267499999999
72,0.9763267,1.33692265,BHARATPUR,2001,BHARATPUR,0.3244237333333333,2001,0.324899475,0.5688951
73,0.98814055,1.46682525,BHARATPUR,2002,BHARATPUR,0.3752874666666666,2002,0.43901015,0.6718791500000001
74,0.9206789,1.31712065,BHARATPUR,2003,BHARATPUR,0.4068118,2003,0.4899937749999999,0.6602840000000001
75,1.126282125,1.40074625,BHARATPUR,2004,BHARATPUR,0.3673528,2004,0.4782532,0.941441775
76,1.314928475,1.1435106,BHARATPUR,2005,BHARATPUR,0.3944831333333334,2005,0.5496414000000001,0.779456875
77,1.2525653,1.08795295,BHARATPUR,2006,BHARATPUR,0.2976465,2006,0.3572274,0.6680203
78,1.137766375,1.39890445,BHARATPUR,2007,BHARATPUR,0.3133291666666666,2007,0.3078182,0.6008779
79,1.03079395,1.229380175,BHARATPUR,2008,BHARATPUR,0.3805773249999999,2008,0.6632849666666666,0.962974725
80,1.03079395,1.229380175,BHARATPUR,2008,BHARATPUR,0.3805773249999999,2008,0.6632849666666666,0.962974725
81,1.30677965,1.050324425,BHARATPUR,2009,BHARATPUR,0.3764068333333333,2009,0.5716107,1.059240275
82,1.21823385,1.38429935,BHARATPUR,2010,BHARATPUR,0.4492758333333334,2010,0.5099482,0.88302135
83,1.21823385,1.38429935,BHARATPUR,2010,BHARATPUR,0.4492758333333334,2010,0.5099482,0.88302135
84,1.21823385,1.38429935,BHARATPUR,2010,BHARATPUR,0.4492758333333334,2010,0.5099482,0.88302135
85,1.21823385,1.38429935,BHARATPUR,2010,BHARATPUR,0.4492758333333334,2010,0.5099482,0.88302135
86,1.187532125,1.79828565,BHARATPUR,2011,BHARATPUR,0.4042385333333333,2011,0.550245675,0.8529799
87,1.23915425,1.265550375,BHARATPUR,2012,BHARATPUR,0.459556375,2012,0.5858540666666667,0.84537935
88,1.22066335,1.598606975,BHARATPUR,2013,BHARATPUR,0.5629187333333333,2013,0.5243698250000001,0.8908924
89,1.08949215,1.76340485,BHARATPUR,2014,BHARATPUR,0.4598355666666667,2014,0.431506,0.703799775
90,1.168303275,1.73665735,BHARATPUR,2015,BHARATPUR,0.3854229,2015,0.37621165,0.884876675
91,1.248244175,1.365576267,BHARATPUR,2016,BHARATPUR,0.396207475,2016,0.5414800999999999,0.97308045
92,1.248244175,1.365576267,BHARATPUR,2016,BHARATPUR,0.396207475,2016,0.5414800999999999,0.97308045
93,1.703333325,1.627111325,BHARATPUR,2017,BHARATPUR,0.3119292666666666,2017,0.3906561,0.8583354250000002
94,1.404439275,1.344771975,BHARATPUR,2018,BHARATPUR,0.4089192666666666,2018,0.5412779999999999,1.0672761
95,0.369742275,0.33233675,BHILWARA,2001,BHILWARA,0.4621689666666667,2001,0.394390525,0.392586925
96,0.46734485,0.501419525,BHILWARA,2002,BHILWARA,0.3484724666666667,2002,0.28160855,0.254366775
97,0.27138265,0.286152725,BHILWARA,2003,BHILWARA,0.5633245666666666,2003,0.38725135,0.326669175
98,0.3678012,0.3768284,BHILWARA,2004,BHILWARA,0.5417470249999999,2004,0.4488525333333333,0.4124035
99,0.50830655,0.512750675,BHILWARA,2005,BHILWARA,0.6859578000000001,2005,0.47680765,0.401770775
100,0.464324325,0.43502525,BHILWARA,2006,BHILWARA,0.6079745333333334,2006,0.47729885,0.5008965
101,0.59453,0.62808215,BHILWARA,2007,BHILWARA,0.5963890333333333,2007,0.444172725,0.4047644999999999
102,0.45512585,0.487832525,BHILWARA,2008,BHILWARA,0.5286689,2008,0.4371740666666666,0.4308737749999999
103,0.45512585,0.487832525,BHILWARA,2008,BHILWARA,0.5286689,2008,0.4371740666666666,0.4308737749999999
104,0.424330925,0.372293325,BHILWARA,2009,BHILWARA,0.4707108333333333,2009,0.34393525,0.32159945
105,0.33659895,0.309445125,BHILWARA,2010,BHILWARA,0.6306367333333333,2010,0.437743075,0.41828785
106,0.33659895,0.309445125,BHILWARA,2010,BHILWARA,0.6306367333333333,2010,0.437743075,0.41828785
107,0.33659895,0.309445125,BHILWARA,2010,BHILWARA,0.6306367333333333,2010,0.437743075,0.41828785
108,0.33659895,0.309445125,BHILWARA,2010,BHILWARA,0.6306367333333333,2010,0.437743075,0.41828785
109,0.6226516,0.823793725,BHILWARA,2011,BHILWARA,0.7143622333333332,2011,0.53399485,0.4536941499999999
110,0.55851325,0.5785931,BHILWARA,2012,BHILWARA,0.818224675,2012,0.5484724666666667,0.4839716
111,0.5594244,0.710031325,BHILWARA,2013,BHILWARA,0.8699359999999999,2013,0.651883475,0.574749875
112,0.684586625,0.83063575,BHILWARA,2014,BHILWARA,0.7528259666666667,2014,0.5635582000000001,0.5159480750000001
113,0.6629346,0.769521925,BHILWARA,2015,BHILWARA,0.6021724,2015,0.47826055,0.43035375
114,0.505517975,0.519440767,BHILWARA,2016,BHILWARA,0.6739332,2016,0.5511993666666667,0.57307055
115,0.505517975,0.519440767,BHILWARA,2016,BHILWARA,0.6739332,2016,0.5511993666666667,0.57307055
116,0.733666875,0.766521125,BHILWARA,2017,BHILWARA,0.6753931666666667,2017,0.540247625,0.5204245249999999
117,0.60453055,0.5634738,BHILWARA,2018,BHILWARA,0.8837281666666666,2018,0.625894,0.52091875
118,0.579987875,0.63313575,BHILWARA,2019,BHILWARA,0.9849686333333332,2019,0.683457175,0.607677875
119,0.1775277,0.2065089,BIKANER,2001,BIKANER,0.2216684666666666,2001,0.205414525,0.158727975
120,0.187274275,0.2226519,BIKANER,2002,BIKANER,0.17919,2002,0.158737625,0.1143725999999999
121,0.13686695,0.165236875,BIKANER,2003,BIKANER,0.2711342333333333,2003,0.20862695,0.152534125
122,0.1711791,0.224534325,BIKANER,2004,BIKANER,0.2095491,2004,0.1892236333333333,0.128713
123,0.1587693,0.1979885,BIKANER,2005,BIKANER,0.2370287333333333,2005,0.190856375,0.1373753
124,0.164199425,0.2110798,BIKANER,2006,BIKANER,0.1972585999999999,2006,0.1809592,0.1394758999999999
125,0.183469425,0.22486545,BIKANER,2007,BIKANER,0.2490015666666666,2007,0.200714575,0.140482575
126,0.164238025,0.200516625,BIKANER,2008,BIKANER,0.2307075,2008,0.2057252666666666,0.1603303
127,0.164238025,0.200516625,BIKANER,2008,BIKANER,0.2307075,2008,0.2057252666666666,0.1603303
128,0.1993768,0.2395039,BIKANER,2009,BIKANER,0.2013746666666666,2009,0.174302425,0.13080305
129,0.16202585,0.2050292,BIKANER,2010,BIKANER,0.3708084333333333,2010,0.2455834249999999,0.189791875
130,0.16202585,0.2050292,BIKANER,2010,BIKANER,0.3708084333333333,2010,0.2455834249999999,0.189791875
131,0.16202585,0.2050292,BIKANER,2010,BIKANER,0.3708084333333333,2010,0.2455834249999999,0.189791875
132,0.16202585,0.2050292,BIKANER,2010,BIKANER,0.3708084333333333,2010,0.2455834249999999,0.189791875
133,0.188371425,0.290706675,BIKANER,2011,BIKANER,0.3609762999999999,2011,0.230116925,0.201573375
134,0.223299425,0.286688725,BIKANER,2012,BIKANER,0.3375856499999999,2012,0.2255855,0.18526415
135,0.19656025,0.298702625,BIKANER,2013,BIKANER,0.3861913666666667,2013,0.240231375,0.1730124
136,0.209093525,0.317292025,BIKANER,2014,BIKANER,0.3254753333333333,2014,0.218503925,0.181015225
137,0.226510475,0.314938825,BIKANER,2015,BIKANER,0.3715304,2015,0.29818875,0.204200275
138,0.268269275,0.346176333,BIKANER,2016,BIKANER,0.354254425,2016,0.2270275333333333,0.21411675
139,0.268269275,0.346176333,BIKANER,2016,BIKANER,0.354254425,2016,0.2270275333333333,0.21411675
140,0.27734355,0.35771945,BIKANER,2017,BIKANER,0.2733257333333332,2017,0.208632925,0.1793307
141,0.263175325,0.334294225,BIKANER,2018,BIKANER,0.2987833,2018,0.2274409,0.19367065
142,0.25389025,0.359929825,BIKANER,2019,BIKANER,0.4204358333333333,2019,0.261435225,0.20221035
143,0.70002925,0.68541925,BUNDI,2001,BUNDI,0.5206007666666667,2001,0.39701025,0.4694016749999999
144,0.737612725,0.99218935,BUNDI,2002,BUNDI,0.4287381666666667,2002,0.3157081,0.319719625
145,0.4515576,0.572703675,BUNDI,2003,BUNDI,0.6360881333333334,2003,0.448731075,0.4834484249999999
146,0.765881725,0.8492726,BUNDI,2004,BUNDI,0.55882675,2004,0.6165302,0.73248045
147,0.961043825,0.857773875,BUNDI,2005,BUNDI,0.6798658999999999,2005,0.5312134749999999,0.6011783500000001
148,0.89358655,0.83005585,BUNDI,2006,BUNDI,0.5794759666666667,2006,0.5069078,0.7129655749999999
149,1.001321775,0.883472975,BUNDI,2007,BUNDI,0.6147703666666667,2007,0.4075596999999999,0.5020614
150,0.79941505,1.011501375,BUNDI,2008,BUNDI,0.570299825,2008,0.4748795333333333,0.6834654
151,0.79941505,1.011501375,BUNDI,2008,BUNDI,0.570299825,2008,0.4748795333333333,0.6834654
152,0.9259566,0.815163775,BUNDI,2009,BUNDI,0.5637458000000001,2009,0.4274312,0.633910725
153,0.8901147,0.8093041,BUNDI,2010,BUNDI,0.6193541666666667,2010,0.4084540749999999,0.4859806
154,0.8901147,0.8093041,BUNDI,2010,BUNDI,0.6193541666666667,2010,0.4084540749999999,0.4859806
155,0.8901147,0.8093041,BUNDI,2010,BUNDI,0.6193541666666667,2010,0.4084540749999999,0.4859806
156,0.8901147,0.8093041,BUNDI,2010,BUNDI,0.6193541666666667,2010,0.4084540749999999,0.4859806
157,0.94908205,1.4725386,BUNDI,2011,BUNDI,0.6693460333333333,2011,0.505871925,0.6328653750000001
158,1.025616075,1.17538775,BUNDI,2012,BUNDI,0.648190525,2012,0.4720253333333333,0.620855475
159,1.070848875,1.389559975,BUNDI,2013,BUNDI,0.7103223999999999,2013,0.5760943999999999,0.72785765
160,1.1120212,1.65067455,BUNDI,2014,BUNDI,0.7268236666666666,2014,0.526718,0.667169525
161,1.22052815,1.5157289,BUNDI,2015,BUNDI,0.5688554,2015,0.42222065,0.5977385749999999
162,1.1608957,1.2518548,BUNDI,2016,BUNDI,0.6370693250000001,2016,0.4856057333333333,0.7249198
163,1.1608957,1.2518548,BUNDI,2016,BUNDI,0.6370693250000001,2016,0.4856057333333333,0.7249198
164,1.354559625,1.44367525,BUNDI,2017,BUNDI,0.580637,2017,0.432070075,0.657421975
165,1.269168625,1.1754906,BUNDI,2018,BUNDI,0.7569832999999999,2018,0.5297407249999999,0.67437165
166,1.18632685,1.566096825,BUNDI,2019,BUNDI,0.9224386,2019,0.5793388500000001,0.67965115
167,0.1713868,0.203698275,CHURU,2001,CHURU,0.2329330333333333,2001,0.2038362749999999,0.1766792749999999
168,0.1914507,0.212106075,CHURU,2002,CHURU,0.1937763,2002,0.18879555,0.115561825
169,0.1343171,0.1632394,CHURU,2003,CHURU,0.3305363666666667,2003,0.21052305,0.1739301
170,0.175145,0.230212775,CHURU,2004,CHURU,0.242075675,2004,0.2082192333333333,0.152796
171,0.173242025,0.222775425,CHURU,2005,CHURU,0.2631090333333333,2005,0.208600325,0.1650605
172,0.17791075,0.211575425,CHURU,2006,CHURU,0.2123951666666666,2006,0.2062976249999999,0.1526165749999999
173,0.1816903,0.234739675,CHURU,2007,CHURU,0.2895383333333333,2007,0.212482475,0.176438975
174,0.1856681,0.22383705,CHURU,2008,CHURU,0.26538555,2008,0.2147093999999999,0.192155375
175,0.1856681,0.22383705,CHURU,2008,CHURU,0.26538555,2008,0.2147093999999999,0.192155375
176,0.20945795,0.2628764,CHURU,2009,CHURU,0.2156038666666666,2009,0.20034005,0.151038675
177,0.179205325,0.245674175,CHURU,2010,CHURU,0.4940194,2010,0.28398435,0.192664
178,0.179205325,0.245674175,CHURU,2010,CHURU,0.4940194,2010,0.28398435,0.192664
179,0.179205325,0.245674175,CHURU,2010,CHURU,0.4940194,2010,0.28398435,0.192664
180,0.179205325,0.245674175,CHURU,2010,CHURU,0.4940194,2010,0.28398435,0.192664
181,0.19466965,0.323970925,CHURU,2011,CHURU,0.4260276999999999,2011,0.261909775,0.216837275
182,0.2356174,0.28569675,CHURU,2012,CHURU,0.396829175,2012,0.2357742333333333,0.199261875
183,0.205469975,0.305095825,CHURU,2013,CHURU,0.4700164666666667,2013,0.261184375,0.2007034
184,0.2291776,0.33814825,CHURU,2014,CHURU,0.3564387,2014,0.22942205,0.202258325
185,0.24482545,0.336451125,CHURU,2015,CHURU,0.3504249333333333,2015,0.2871114999999999,0.208568425
186,0.263693875,0.3363045,CHURU,2016,CHURU,0.3619467249999999,2016,0.234612,0.2250720249999999
187,0.263693875,0.3363045,CHURU,2016,CHURU,0.3619467249999999,2016,0.234612,0.2250720249999999
188,0.294924925,0.3733883,CHURU,2017,CHURU,0.2834603666666667,2017,0.217866375,0.2079262499999999
189,0.282743625,0.348102075,CHURU,2018,CHURU,0.3716707999999999,2018,0.2329903,0.209828925
190,0.26992075,0.352968125,CHURU,2019,CHURU,0.4236289,2019,0.256658725,0.221811975
191,0.78261045,0.931813075,DAUSA,2001,DAUSA,0.3658995333333333,2001,0.33181595,0.4348800499999999
192,0.750100925,1.004012875,DAUSA,2002,DAUSA,0.3389145333333332,2002,0.280645125,0.387983025
193,0.66740105,0.866000975,DAUSA,2003,DAUSA,0.5224401333333334,2003,0.450248025,0.544935975
194,0.7455632,1.0177731,DAUSA,2004,DAUSA,0.418868975,2004,0.4802360666666667,0.652741075
195,0.92224305,0.858503,DAUSA,2005,DAUSA,0.4745683666666667,2005,0.5091014,0.613443025
196,0.866821425,0.807568625,DAUSA,2006,DAUSA,0.3452051333333333,2006,0.368933825,0.554330075
197,0.8262386,0.9047497,DAUSA,2007,DAUSA,0.4140462,2007,0.34235205,0.4654934249999999
198,0.754540625,0.918272,DAUSA,2008,DAUSA,0.4743568999999999,2008,0.4985292333333333,0.696927275
199,0.754540625,0.918272,DAUSA,2008,DAUSA,0.4743568999999999,2008,0.4985292333333333,0.696927275
200,0.91028665,0.8042998,DAUSA,2009,DAUSA,0.4716557333333333,2009,0.445920825,0.735130925
201,0.99003345,0.96577605,DAUSA,2010,DAUSA,0.5539797333333334,2010,0.425571025,0.66689065
202,0.99003345,0.96577605,DAUSA,2010,DAUSA,0.5539797333333334,2010,0.425571025,0.66689065
203,0.99003345,0.96577605,DAUSA,2010,DAUSA,0.5539797333333334,2010,0.425571025,0.66689065
204,0.99003345,0.96577605,DAUSA,2010,DAUSA,0.5539797333333334,2010,0.425571025,0.66689065
205,1.059959325,1.40509575,DAUSA,2011,DAUSA,0.5187738,2011,0.4991233,0.617354925
206,0.874058425,0.9313329,DAUSA,2012,DAUSA,0.575624375,2012,0.4744126666666666,0.594726925
207,0.936854025,1.198579725,DAUSA,2013,DAUSA,0.6190045,2013,0.624926475,0.7926764749999999
208,0.916097575,1.29914495,DAUSA,2014,DAUSA,0.5704368000000001,2014,0.50482465,0.71056495
209,1.03525925,1.202077825,DAUSA,2015,DAUSA,0.4236532666666666,2015,0.40069645,0.63344245
210,0.968110525,0.972484333,DAUSA,2016,DAUSA,0.5142504749999999,2016,0.5354693,0.7680629250000001
211,0.968110525,0.972484333,DAUSA,2016,DAUSA,0.5142504749999999,2016,0.5354693,0.7680629250000001
212,1.110924,1.102826175,DAUSA,2017,DAUSA,0.4025185666666666,2017,0.37817655,0.5989647
213,0.945844375,0.950429725,DAUSA,2018,DAUSA,0.5727977000000001,2018,0.5015038999999999,0.684130225
214,0.96809465,1.0631878,DAUSA,2019,DAUSA,0.5608124666666666,2019,0.604902525,0.8037432250000001
215,0.329098025,0.285359825,DUNGARPUR,2001,DUNGARPUR,0.5498144666666667,2001,0.4108162749999999,0.354128625
216,0.386491175,0.3753952,DUNGARPUR,2002,DUNGARPUR,0.5100913,2002,0.355648175,0.3008071
217,0.308715075,0.2978028,DUNGARPUR,2003,DUNGARPUR,0.8210249,2003,0.5213987250000001,0.4215699
218,0.46073,0.456687625,DUNGARPUR,2004,DUNGARPUR,0.775446675,2004,0.5289992,0.38557415
219,0.452080325,0.47371285,DUNGARPUR,2005,DUNGARPUR,0.9792905333333332,2005,0.5696774499999999,0.4299329249999999
220,0.484149225,0.45560505,DUNGARPUR,2006,DUNGARPUR,0.9048591666666668,2006,0.580493725,0.5114355
221,0.548495775,0.532426525,DUNGARPUR,2007,DUNGARPUR,0.9370867333333336,2007,0.5868070249999999,0.45315875
222,0.5188161,0.53025855,DUNGARPUR,2008,DUNGARPUR,0.6912849249999999,2008,0.4846617666666666,0.426102075
223,0.5188161,0.53025855,DUNGARPUR,2008,DUNGARPUR,0.6912849249999999,2008,0.4846617666666666,0.426102075
224,0.394852775,0.34943645,DUNGARPUR,2009,DUNGARPUR,0.8249545333333335,2009,0.5423535999999999,0.49338195
225,0.557478,0.4816041,DUNGARPUR,2010,DUNGARPUR,0.9063954,2010,0.604526625,0.530328125
226,0.557478,0.4816041,DUNGARPUR,2010,DUNGARPUR,0.9063954,2010,0.604526625,0.530328125
227,0.557478,0.4816041,DUNGARPUR,2010,DUNGARPUR,0.9063954,2010,0.604526625,0.530328125
228,0.557478,0.4816041,DUNGARPUR,2010,DUNGARPUR,0.9063954,2010,0.604526625,0.530328125
229,0.6257208,0.604391625,DUNGARPUR,2011,DUNGARPUR,1.0492393,2011,0.65440695,0.537562625
230,0.634655725,0.62911195,DUNGARPUR,2012,DUNGARPUR,1.054297,2012,0.6309028,0.5263260999999999
231,0.5809543,0.65048285,DUNGARPUR,2013,DUNGARPUR,1.320275366666667,2013,0.80246575,0.6047269749999999
232,0.701694875,0.774474,DUNGARPUR,2014,DUNGARPUR,0.9883372333333332,2014,0.63398365,0.511287975
233,0.623658575,0.6214544,DUNGARPUR,2015,DUNGARPUR,0.9465842666666668,2015,0.599973575,0.485405775
234,0.582761875,0.543443167,DUNGARPUR,2016,DUNGARPUR,1.15709675,2016,0.6872871000000002,0.559928475
235,0.582761875,0.543443167,DUNGARPUR,2016,DUNGARPUR,1.15709675,2016,0.6872871000000002,0.559928475
236,0.681918625,0.657501675,DUNGARPUR,2017,DUNGARPUR,1.0420349666666666,2017,0.65816405,0.629266375
237,0.76418375,0.65217215,DUNGARPUR,2018,DUNGARPUR,1.1823667333333334,2018,0.71757765,0.58924635
238,0.6206362,0.634170075,DUNGARPUR,2019,DUNGARPUR,1.4909588666666669,2019,0.904002025,0.69179005
239,0.353591375,0.623799225,GANGANAGAR,2001,GANGANAGAR,0.2923127,2001,0.2397353499999999,0.27527595
240,0.463386575,0.745443325,GANGANAGAR,2002,GANGANAGAR,0.2226939333333333,2002,0.191695975,0.20567695
241,0.3287818,0.629041775,GANGANAGAR,2003,GANGANAGAR,0.3091856999999999,2003,0.2705148,0.320824775
242,0.507158225,0.906034425,GANGANAGAR,2004,GANGANAGAR,0.2539412749999999,2004,0.2172855333333333,0.2744966
243,0.52908025,0.8267437,GANGANAGAR,2005,GANGANAGAR,0.3161191,2005,0.28467325,0.3021070999999999
244,0.508241525,0.835299125,GANGANAGAR,2006,GANGANAGAR,0.2785045333333333,2006,0.2804415,0.398368275
245,0.598465775,0.964854825,GANGANAGAR,2007,GANGANAGAR,0.3462036666666666,2007,0.296582625,0.384653775
246,0.543734125,0.8151548,GANGANAGAR,2008,GANGANAGAR,0.28241865,2008,0.2708845666666666,0.42753755
247,0.543734125,0.8151548,GANGANAGAR,2008,GANGANAGAR,0.28241865,2008,0.2708845666666666,0.42753755
248,0.75968625,1.084947725,GANGANAGAR,2009,GANGANAGAR,0.2952421666666667,2009,0.235095175,0.2892304249999999
249,0.450697375,0.834918225,GANGANAGAR,2010,GANGANAGAR,0.3768954666666666,2010,0.3525295499999999,0.43316005
250,0.450697375,0.834918225,GANGANAGAR,2010,GANGANAGAR,0.3768954666666666,2010,0.3525295499999999,0.43316005
251,0.450697375,0.834918225,GANGANAGAR,2010,GANGANAGAR,0.3768954666666666,2010,0.3525295499999999,0.43316005
252,0.450697375,0.834918225,GANGANAGAR,2010,GANGANAGAR,0.3768954666666666,2010,0.3525295499999999,0.43316005
253,0.55504055,1.16474185,GANGANAGAR,2011,GANGANAGAR,0.5103035,2011,0.4062324,0.409736725
254,0.51804625,0.9233673,GANGANAGAR,2012,GANGANAGAR,0.47030935,2012,0.2864757666666667,0.278503375
255,0.4449359,1.165598675,GANGANAGAR,2013,GANGANAGAR,0.3926046666666666,2013,0.25861245,0.3913345499999999
256,0.6672554,1.3076626,GANGANAGAR,2014,GANGANAGAR,0.3978983666666666,2014,0.2482738,0.288962975
257,0.5840274,1.2204513,GANGANAGAR,2015,GANGANAGAR,0.4120831666666666,2015,0.28198775,0.455296525
258,0.779628175,1.2659428,GANGANAGAR,2016,GANGANAGAR,0.354353225,2016,0.2548681333333333,0.39362515
259,0.779628175,1.2659428,GANGANAGAR,2016,GANGANAGAR,0.354353225,2016,0.2548681333333333,0.39362515
260,0.759918225,1.24701605,GANGANAGAR,2017,GANGANAGAR,0.3213574666666667,2017,0.2237217249999999,0.3750865
261,0.7804435,1.198719725,GANGANAGAR,2018,GANGANAGAR,0.3465316,2018,0.262950175,0.4512043
262,0.176090125,0.16116685,JAISALMER,2001,JAISALMER,0.2226606666666667,2001,0.20800065,0.191155725
263,0.193880375,0.187910075,JAISALMER,2002,JAISALMER,0.1316901,2002,0.1185620999999999,0.109553275
264,0.113523125,0.11406945,JAISALMER,2003,JAISALMER,0.285514,2003,0.234755325,0.209210875
265,0.227790775,0.227434375,JAISALMER,2004,JAISALMER,0.182987975,2004,0.1703352,0.134506275
266,0.138154025,0.136616,JAISALMER,2005,JAISALMER,0.2082695666666666,2005,0.179819825,0.138829325
267,0.14352145,0.144433075,JAISALMER,2006,JAISALMER,0.2424533333333333,2006,0.211475625,0.1852463749999999
268,0.1965765,0.193372825,JAISALMER,2007,JAISALMER,0.2389017333333333,2007,0.20636675,0.18142835
269,0.178746225,0.181350225,JAISALMER,2008,JAISALMER,0.201066,2008,0.1894323999999999,0.141792875
270,0.178746225,0.181350225,JAISALMER,2008,JAISALMER,0.201066,2008,0.1894323999999999,0.141792875
271,0.14532055,0.15436055,JAISALMER,2009,JAISALMER,0.1675001333333333,2009,0.15296355,0.124321525
272,0.1404334,0.137102625,JAISALMER,2010,JAISALMER,0.3819624,2010,0.2654988,0.2159047499999999
273,0.1404334,0.137102625,JAISALMER,2010,JAISALMER,0.3819624,2010,0.2654988,0.2159047499999999
274,0.1404334,0.137102625,JAISALMER,2010,JAISALMER,0.3819624,2010,0.2654988,0.2159047499999999
275,0.1404334,0.137102625,JAISALMER,2010,JAISALMER,0.3819624,2010,0.2654988,0.2159047499999999
276,0.222460825,0.232072525,JAISALMER,2011,JAISALMER,0.5077596666666667,2011,0.326318825,0.24439115
277,0.23032805,0.2297309,JAISALMER,2012,JAISALMER,0.373322875,2012,0.2458211666666666,0.213610775
278,0.219865675,0.23778175,JAISALMER,2013,JAISALMER,0.2841130333333333,2013,0.22318565,0.1993025
279,0.20693085,0.2146539,JAISALMER,2014,JAISALMER,0.2014391333333333,2014,0.180943,0.159348725
280,0.181138675,0.189563675,JAISALMER,2015,JAISALMER,0.3597896,2015,0.271089875,0.214662175
281,0.23332275,0.2304009,JAISALMER,2016,JAISALMER,0.276862,2016,0.2223684666666666,0.20671805
282,0.23332275,0.2304009,JAISALMER,2016,JAISALMER,0.276862,2016,0.2223684666666666,0.20671805
283,0.222599275,0.22037965,JAISALMER,2017,JAISALMER,0.2427218333333333,2017,0.2165571999999999,0.18752255
284,0.21167825,0.2154518,JAISALMER,2018,JAISALMER,0.2059317666666666,2018,0.187904975,0.15510955
285,0.170207475,0.181352125,JAISALMER,2019,JAISALMER,0.2878848333333333,2019,0.213989375,0.1954527
286,0.521941075,0.463059275,JHALAWAR,2001,JHALAWAR,0.5227984,2001,0.4138404,0.4812815499999999
287,0.595397075,0.57074855,JHALAWAR,2002,JHALAWAR,0.4838197666666666,2002,0.33792215,0.332837225
288,0.391296025,0.38278985,JHALAWAR,2003,JHALAWAR,0.7751928,2003,0.4654617,0.456854125
289,0.627487225,0.6029426,JHALAWAR,2004,JHALAWAR,0.583748,2004,0.4861765,0.531417825
290,0.727061725,0.645903975,JHALAWAR,2005,JHALAWAR,0.6847959,2005,0.4657891249999999,0.477284425
291,0.60608545,0.510026075,JHALAWAR,2006,JHALAWAR,0.6692837666666667,2006,0.5138072,0.676564775
292,0.844804575,0.68970385,JHALAWAR,2007,JHALAWAR,0.6279705999999999,2007,0.4473922749999999,0.51850985
293,0.6702591,0.6441256,JHALAWAR,2008,JHALAWAR,0.632006225,2008,0.4579942666666667,0.654819825
294,0.6702591,0.6441256,JHALAWAR,2008,JHALAWAR,0.632006225,2008,0.4579942666666667,0.654819825
295,0.773883975,0.582385175,JHALAWAR,2009,JHALAWAR,0.7182223,2009,0.53431225,0.807902025
296,0.97466345,0.62706255,JHALAWAR,2010,JHALAWAR,0.6065162000000001,2010,0.41723675,0.587776725
297,0.97466345,0.62706255,JHALAWAR,2010,JHALAWAR,0.6065162000000001,2010,0.41723675,0.587776725
298,0.97466345,0.62706255,JHALAWAR,2010,JHALAWAR,0.6065162000000001,2010,0.41723675,0.587776725
299,0.97466345,0.62706255,JHALAWAR,2010,JHALAWAR,0.6065162000000001,2010,0.41723675,0.587776725
300,0.8126072,0.7476358,JHALAWAR,2011,JHALAWAR,0.6553516666666667,2011,0.480207075,0.6400412
301,0.97003225,0.891315975,JHALAWAR,2012,JHALAWAR,0.6030340000000001,2012,0.5099765333333334,0.77874285
302,0.997999775,0.9144404,JHALAWAR,2013,JHALAWAR,0.7360524,2013,0.5877834,0.8941920999999999
303,1.1707195,1.168273,JHALAWAR,2014,JHALAWAR,0.7483701333333334,2014,0.460750725,0.614261725
304,1.01963255,1.052404925,JHALAWAR,2015,JHALAWAR,0.5046259666666667,2015,0.4801564,0.711585875
305,0.98263945,0.7841156,JHALAWAR,2016,JHALAWAR,0.6321691,2016,0.5013007666666667,0.7874310250000001
306,0.98263945,0.7841156,JHALAWAR,2016,JHALAWAR,0.6321691,2016,0.5013007666666667,0.7874310250000001
307,1.166900175,1.049987525,JHALAWAR,2017,JHALAWAR,0.6613692666666666,2017,0.563189725,0.89989945
308,1.12878775,0.814529325,JHALAWAR,2018,JHALAWAR,0.6797123666666667,2018,0.6186752,1.048923025
309,1.2781653,1.10425975,JHALAWAR,2019,JHALAWAR,0.9209026,2019,0.5051265,0.914653125
310,0.252399075,0.245904775,JODHPUR,2001,JODHPUR,0.2942166666666666,2001,0.2564862,0.2364712749999999
311,0.255827625,0.2624717,JODHPUR,2002,JODHPUR,0.2031422333333333,2002,0.1920152249999999,0.1798977249999999
312,0.205706675,0.2088487,JODHPUR,2003,JODHPUR,0.3463779666666666,2003,0.2739837,0.250881425
313,0.280907225,0.2861808,JODHPUR,2004,JODHPUR,0.3015225,2004,0.2510878666666666,0.2348391249999999
314,0.26573405,0.253032375,JODHPUR,2005,JODHPUR,0.3180193333333333,2005,0.249708575,0.22413475
315,0.2491383,0.2520798,JODHPUR,2006,JODHPUR,0.2863209333333333,2006,0.2419596,0.231895025
316,0.2580268,0.255102475,JODHPUR,2007,JODHPUR,0.2982227333333333,2007,0.241922075,0.22506015
317,0.250477075,0.266046825,JODHPUR,2008,JODHPUR,0.2736612,2008,0.2424275333333333,0.231036925
318,0.250477075,0.266046825,JODHPUR,2008,JODHPUR,0.2736612,2008,0.2424275333333333,0.231036925
319,0.2578864,0.2552037,JODHPUR,2009,JODHPUR,0.2258913,2009,0.21680595,0.207416125
320,0.25552005,0.2525478,JODHPUR,2010,JODHPUR,0.5174927666666668,2010,0.33901035,0.2733685
321,0.25552005,0.2525478,JODHPUR,2010,JODHPUR,0.5174927666666668,2010,0.33901035,0.2733685
322,0.25552005,0.2525478,JODHPUR,2010,JODHPUR,0.5174927666666668,2010,0.33901035,0.2733685
323,0.25552005,0.2525478,JODHPUR,2010,JODHPUR,0.5174927666666668,2010,0.33901035,0.2733685
324,0.295701625,0.348345875,JODHPUR,2011,JODHPUR,0.5638983333333333,2011,0.368496,0.269928575
325,0.269272625,0.29227625,JODHPUR,2012,JODHPUR,0.540304825,2012,0.3540994333333333,0.2817097
326,0.292976225,0.35313005,JODHPUR,2013,JODHPUR,0.6141888000000001,2013,0.424182625,0.312415075
327,0.3265956,0.386849675,JODHPUR,2014,JODHPUR,0.5137023333333334,2014,0.36262955,0.286367425
328,0.330974175,0.3663926,JODHPUR,2015,JODHPUR,0.4325445333333333,2015,0.331384625,0.27475255
329,0.33838255,0.357065733,JODHPUR,2016,JODHPUR,0.503589025,2016,0.3585885333333333,0.3289154
330,0.33838255,0.357065733,JODHPUR,2016,JODHPUR,0.503589025,2016,0.3585885333333333,0.3289154
331,0.3927485,0.40030565,JODHPUR,2017,JODHPUR,0.4040573999999999,2017,0.32044385,0.295719725
332,0.348303175,0.3519074,JODHPUR,2018,JODHPUR,0.3908251666666666,2018,0.2844648999999999,0.2478235
333,0.2946944,0.351342675,JODHPUR,2019,JODHPUR,0.6198324,2019,0.407784225,0.314315075
334,0.56769985,0.604598275,KARAULI,2001,KARAULI,0.4106469666666667,2001,0.35165655,0.378205825
335,0.5221706,0.669300725,KARAULI,2002,KARAULI,0.3324968,2002,0.2805423999999999,0.308561025
336,0.441186,0.52664945,KARAULI,2003,KARAULI,0.5553666666666667,2003,0.447915425,0.47919955
337,0.59552015,0.753174425,KARAULI,2004,KARAULI,0.469061925,2004,0.5045227,0.54023275
338,0.6682554,0.58646935,KARAULI,2005,KARAULI,0.4955217999999999,2005,0.4775480749999999,0.5121504
339,0.645277275,0.5701194,KARAULI,2006,KARAULI,0.3752654666666666,2006,0.37168285,0.46124165
340,0.5693817,0.5727292,KARAULI,2007,KARAULI,0.3964932666666667,2007,0.3406021,0.4075926
341,0.537714025,0.615901625,KARAULI,2008,KARAULI,0.513954675,2008,0.5249045333333333,0.597848625
342,0.537714025,0.615901625,KARAULI,2008,KARAULI,0.513954675,2008,0.5249045333333333,0.597848625
343,0.69714935,0.579824925,KARAULI,2009,KARAULI,0.5810726666666667,2009,0.5176179000000001,0.67320075
344,0.798738125,0.7251943,KARAULI,2010,KARAULI,0.6161465333333334,2010,0.4969216749999999,0.6946609749999999
345,0.798738125,0.7251943,KARAULI,2010,KARAULI,0.6161465333333334,2010,0.4969216749999999,0.6946609749999999
346,0.798738125,0.7251943,KARAULI,2010,KARAULI,0.6161465333333334,2010,0.4969216749999999,0.6946609749999999
347,0.798738125,0.7251943,KARAULI,2010,KARAULI,0.6161465333333334,2010,0.4969216749999999,0.6946609749999999
348,0.924963575,1.049662,KARAULI,2011,KARAULI,0.5940417,2011,0.51896275,0.551999575
349,0.709409,0.71358835,KARAULI,2012,KARAULI,0.65045335,2012,0.5139567,0.56566485
350,0.7693372,0.949050825,KARAULI,2013,KARAULI,0.7531269333333334,2013,0.6501771000000001,0.661754725
351,0.7297379,1.0109634,KARAULI,2014,KARAULI,0.6402469000000001,2014,0.565515075,0.644246125
352,0.813612625,0.890425025,KARAULI,2015,KARAULI,0.4478486,2015,0.3905191499999999,0.523174475
353,0.77299735,0.745599433,KARAULI,2016,KARAULI,0.5773811,2016,0.5856722666666667,0.763135
354,0.77299735,0.745599433,KARAULI,2016,KARAULI,0.5773811,2016,0.5856722666666667,0.763135
355,1.007489375,0.901423825,KARAULI,2017,KARAULI,0.4199392666666666,2017,0.398334325,0.5631440999999999
356,0.791495675,0.70253695,KARAULI,2018,KARAULI,0.6458678999999999,2018,0.550092075,0.7164218
357,0.9385347,0.937590575,KARAULI,2019,KARAULI,0.7340956333333333,2019,0.646726375,0.79774135
358,0.84571025,0.81620935,KOTA,2001,KOTA,0.6039273333333334,2001,0.4402855,0.5398364250000001
359,0.813122425,1.053583725,KOTA,2002,KOTA,0.4551661666666666,2002,0.356587475,0.413166375
360,0.585193175,0.674492675,KOTA,2003,KOTA,0.7443204666666666,2003,0.5991363000000001,0.633884275
361,0.907803725,0.92498375,KOTA,2004,KOTA,0.5773589,2004,0.6773518666666667,0.81128235
362,1.07562675,0.969161525,KOTA,2005,KOTA,0.7480083,2005,0.635170225,0.731943875
363,0.98514065,0.84723125,KOTA,2006,KOTA,0.5914065000000001,2006,0.69936845,0.9842005
364,1.1905635,0.89139275,KOTA,2007,KOTA,0.5842435,2007,0.488819875,0.655270975
365,0.979845775,1.125102225,KOTA,2008,KOTA,0.6292009000000001,2008,0.5935963,0.813020225
366,0.979845775,1.125102225,KOTA,2008,KOTA,0.6292009000000001,2008,0.5935963,0.813020225
367,1.085718675,0.870374875,KOTA,2009,KOTA,0.6367027,2009,0.6157756000000001,0.826873525
368,1.08227155,0.883574725,KOTA,2010,KOTA,0.6057527666666667,2010,0.46062695,0.6039668250000001
369,1.08227155,0.883574725,KOTA,2010,KOTA,0.6057527666666667,2010,0.46062695,0.6039668250000001
370,1.08227155,0.883574725,KOTA,2010,KOTA,0.6057527666666667,2010,0.46062695,0.6039668250000001
371,1.08227155,0.883574725,KOTA,2010,KOTA,0.6057527666666667,2010,0.46062695,0.6039668250000001
372,1.004138775,1.3209806,KOTA,2011,KOTA,0.6755187666666665,2011,0.543087675,0.677389475
373,1.12018575,1.180580525,KOTA,2012,KOTA,0.6296700000000001,2012,0.5126877333333334,0.7662428
374,1.253710775,1.40212865,KOTA,2013,KOTA,0.6845874333333333,2013,0.5949315749999999,0.8022366000000001
375,1.33706675,1.82013125,KOTA,2014,KOTA,0.7061336666666667,2014,0.552481175,0.7234799749999999
376,1.323243025,1.539491525,KOTA,2015,KOTA,0.5432860666666667,2015,0.4662848,0.73109835
377,1.309091625,1.262310067,KOTA,2016,KOTA,0.622415625,2016,0.5148877333333334,0.7535111
378,1.309091625,1.262310067,KOTA,2016,KOTA,0.622415625,2016,0.5148877333333334,0.7535111
379,1.4529713,1.556588475,KOTA,2017,KOTA,0.5692233333333333,2017,0.49132305,0.77543565
380,1.386386475,1.23156265,KOTA,2018,KOTA,0.7268200333333333,2018,0.574375175,0.8575142250000001
381,1.503854075,1.73775845,KOTA,2019,KOTA,0.9330836333333332,2019,0.56278235,0.762216725
382,0.306250225,0.316636475,NAGAUR,2001,NAGAUR,0.3073317666666667,2001,0.25887295,0.2483525999999999
383,0.302541575,0.34031495,NAGAUR,2002,NAGAUR,0.2413088,2002,0.222445275,0.209337975
384,0.27414965,0.311871575,NAGAUR,2003,NAGAUR,0.4246096333333333,2003,0.30048615,0.29092485
385,0.3629964,0.384883825,NAGAUR,2004,NAGAUR,0.33224365,2004,0.2756448,0.2803006249999999
386,0.35477895,0.351569275,NAGAUR,2005,NAGAUR,0.4013249333333333,2005,0.2799753,0.268475925
387,0.323174925,0.33857565,NAGAUR,2006,NAGAUR,0.2995061999999999,2006,0.2594556249999999,0.260777675
388,0.316710275,0.3334573,NAGAUR,2007,NAGAUR,0.3404437333333334,2007,0.2569183499999999,0.250793675
389,0.304356525,0.3425058,NAGAUR,2008,NAGAUR,0.3075067999999999,2008,0.2685070666666667,0.271010125
390,0.304356525,0.3425058,NAGAUR,2008,NAGAUR,0.3075067999999999,2008,0.2685070666666667,0.271010125
391,0.31701505,0.314635225,NAGAUR,2009,NAGAUR,0.2468540666666666,2009,0.2318929,0.2294558
392,0.292108475,0.308701125,NAGAUR,2010,NAGAUR,0.514552,2010,0.3232561,0.2597512
393,0.292108475,0.308701125,NAGAUR,2010,NAGAUR,0.514552,2010,0.3232561,0.2597512
394,0.292108475,0.308701125,NAGAUR,2010,NAGAUR,0.514552,2010,0.3232561,0.2597512
395,0.292108475,0.308701125,NAGAUR,2010,NAGAUR,0.514552,2010,0.3232561,0.2597512
396,0.339860375,0.4425156,NAGAUR,2011,NAGAUR,0.4906987666666667,2011,0.34295515,0.263094725
397,0.28302845,0.319567675,NAGAUR,2012,NAGAUR,0.494655275,2012,0.3371191,0.296856225
398,0.325719525,0.399329775,NAGAUR,2013,NAGAUR,0.6239002333333333,2013,0.4402816,0.33952495
399,0.375379225,0.44945445,NAGAUR,2014,NAGAUR,0.5307802333333334,2014,0.368110175,0.287900225
400,0.3263855,0.371442375,NAGAUR,2015,NAGAUR,0.408011,2015,0.3297029999999999,0.27725025
401,0.332022775,0.359254433,NAGAUR,2016,NAGAUR,0.46592455,2016,0.3521583333333333,0.3251207
402,0.332022775,0.359254433,NAGAUR,2016,NAGAUR,0.46592455,2016,0.3521583333333333,0.3251207
403,0.382183925,0.400324375,NAGAUR,2017,NAGAUR,0.4019257666666666,2017,0.317967425,0.28190515
404,0.31858955,0.32974435,NAGAUR,2018,NAGAUR,0.4710475333333333,2018,0.31852585,0.268624775
405,0.294533925,0.344255825,NAGAUR,2019,NAGAUR,0.6255441333333334,2019,0.4077206,0.345248925
406,0.2822289,0.253151075,RAJSAMAND,2001,RAJSAMAND,0.5898034,2001,0.45591765,0.376702575
407,0.377450075,0.3901883,RAJSAMAND,2002,RAJSAMAND,0.4505867999999999,2002,0.3397572749999999,0.273974575
408,0.263519725,0.260534225,RAJSAMAND,2003,RAJSAMAND,0.7212129333333334,2003,0.463777225,0.3442158999999999
409,0.32287895,0.3133263,RAJSAMAND,2004,RAJSAMAND,0.703139625,2004,0.5001467,0.344611175
410,0.31968715,0.298248725,RAJSAMAND,2005,RAJSAMAND,0.9414076666666666,2005,0.5881244,0.398258925
411,0.4276859,0.436138325,RAJSAMAND,2006,RAJSAMAND,0.8306444000000001,2006,0.5820675,0.492311325
412,0.515579325,0.590908275,RAJSAMAND,2007,RAJSAMAND,0.7885173666666668,2007,0.5412667,0.4271141249999999
413,0.4586131,0.5202738,RAJSAMAND,2008,RAJSAMAND,0.6706946,2008,0.4638206,0.381799525
414,0.4586131,0.5202738,RAJSAMAND,2008,RAJSAMAND,0.6706946,2008,0.4638206,0.381799525
415,0.351589025,0.3384663,RAJSAMAND,2009,RAJSAMAND,0.6053730666666667,2009,0.434552225,0.3453634
416,0.33198325,0.30696625,RAJSAMAND,2010,RAJSAMAND,0.8316350666666666,2010,0.5772842499999999,0.4896969499999999
417,0.33198325,0.30696625,RAJSAMAND,2010,RAJSAMAND,0.8316350666666666,2010,0.5772842499999999,0.4896969499999999
418,0.33198325,0.30696625,RAJSAMAND,2010,RAJSAMAND,0.8316350666666666,2010,0.5772842499999999,0.4896969499999999
419,0.33198325,0.30696625,RAJSAMAND,2010,RAJSAMAND,0.8316350666666666,2010,0.5772842499999999,0.4896969499999999
420,0.565164225,0.68491515,RAJSAMAND,2011,RAJSAMAND,0.9603529666666668,2011,0.6665536,0.497121425
421,0.52446695,0.56376805,RAJSAMAND,2015,RAJSAMAND,0.805181,2015,0.5585359750000001,0.4432175
422,0.454024125,0.469896867,RAJSAMAND,2016,RAJSAMAND,0.9837685,2016,0.6982185333333334,0.5546627
423,0.454024125,0.469896867,RAJSAMAND,2016,RAJSAMAND,0.9837685,2016,0.6982185333333334,0.5546627
424,0.587108725,0.627788975,RAJSAMAND,2017,RAJSAMAND,0.8916129666666667,2017,0.6506668999999999,0.536668625
425,0.59241905,0.582121625,RAJSAMAND,2018,RAJSAMAND,1.0113919,2018,0.6558910250000001,0.475935725
426,0.4454791,0.482807825,RAJSAMAND,2019,RAJSAMAND,1.2743369,2019,0.852240025,0.63054625
427,0.6678153,0.614922775,SAWAI MADHOPUR,2001,SAWAI MADHOPUR,0.4011898,2001,0.378655775,0.5427939500000001
428,0.771181475,0.822903275,SAWAI MADHOPUR,2002,SAWAI MADHOPUR,0.2936530333333333,2002,0.2612109,0.304795025
429,0.4643492,0.513524225,SAWAI MADHOPUR,2003,SAWAI MADHOPUR,0.5298448000000001,2003,0.50213485,0.626884575
430,0.76346695,0.753929675,SAWAI MADHOPUR,2004,SAWAI MADHOPUR,0.391150725,2004,0.5922312333333334,0.812272725
431,0.94565505,0.7066594,SAWAI MADHOPUR,2005,SAWAI MADHOPUR,0.4456546666666667,2005,0.565125925,0.7644625999999999
432,0.906465225,0.646895375,SAWAI MADHOPUR,2006,SAWAI MADHOPUR,0.3729164,2006,0.41925985,0.68023055
433,0.784977325,0.605355125,SAWAI MADHOPUR,2007,SAWAI MADHOPUR,0.4200107666666666,2007,0.378675975,0.53997215
434,0.700264875,0.710464475,SAWAI MADHOPUR,2008,SAWAI MADHOPUR,0.450547775,2008,0.5838907999999999,0.847262375
435,0.700264875,0.710464475,SAWAI MADHOPUR,2008,SAWAI MADHOPUR,0.450547775,2008,0.5838907999999999,0.847262375
436,0.892549275,0.6221984,SAWAI MADHOPUR,2009,SAWAI MADHOPUR,0.4824211666666667,2009,0.566810725,0.95477035
437,1.006666125,0.744143125,SAWAI MADHOPUR,2010,SAWAI MADHOPUR,0.5233885666666667,2010,0.489445775,0.783741525
438,1.006666125,0.744143125,SAWAI MADHOPUR,2010,SAWAI MADHOPUR,0.5233885666666667,2010,0.489445775,0.783741525
439,1.006666125,0.744143125,SAWAI MADHOPUR,2010,SAWAI MADHOPUR,0.5233885666666667,2010,0.489445775,0.783741525
440,1.006666125,0.744143125,SAWAI MADHOPUR,2010,SAWAI MADHOPUR,0.5233885666666667,2010,0.489445775,0.783741525
441,1.125340075,1.2758609,SAWAI MADHOPUR,2011,SAWAI MADHOPUR,0.550336,2011,0.6378676,0.83716945
442,0.978543525,0.87086495,SAWAI MADHOPUR,2012,SAWAI MADHOPUR,0.564169625,2012,0.5616621,0.8731243999999999
443,1.14172655,1.077501925,SAWAI MADHOPUR,2013,SAWAI MADHOPUR,0.6186249333333333,2013,0.700463575,1.0009395
444,1.0234634,1.24774505,SAWAI MADHOPUR,2014,SAWAI MADHOPUR,0.5969080333333333,2014,0.7863175,1.02283595
445,1.189679225,1.0579356,SAWAI MADHOPUR,2015,SAWAI MADHOPUR,0.4631467333333334,2015,0.4168118249999999,0.67892515
446,1.079608725,0.995652433,SAWAI MADHOPUR,2016,SAWAI MADHOPUR,0.5566291,2016,0.6641793333333333,1.0666244
447,1.079608725,0.995652433,SAWAI MADHOPUR,2016,SAWAI MADHOPUR,0.5566291,2016,0.6641793333333333,1.0666244
448,1.4190365,1.144190275,SAWAI MADHOPUR,2017,SAWAI MADHOPUR,0.4234185,2017,0.425588175,0.744668425
449,1.042476325,0.8514356,SAWAI MADHOPUR,2018,SAWAI MADHOPUR,0.6436297999999999,2018,0.623710325,0.975173975
450,1.303403225,1.226129175,SAWAI MADHOPUR,2019,SAWAI MADHOPUR,0.6760532,2019,0.67577,1.03263255
451,0.400395325,0.48012135,SIKAR,2001,SIKAR,0.3279708666666667,2001,0.27462525,0.29500495
452,0.429635425,0.570711825,SIKAR,2002,SIKAR,0.2851360666666667,2002,0.232430125,0.226720625
453,0.33820005,0.51384175,SIKAR,2003,SIKAR,0.4705375333333333,2003,0.310607125,0.310261225
454,0.45699705,0.6165294,SIKAR,2004,SIKAR,0.3957777249999999,2004,0.2967294333333333,0.32245445
455,0.46923145,0.5674237,SIKAR,2005,SIKAR,0.4829526333333333,2005,0.3214963249999999,0.317288475
456,0.43027095,0.547951325,SIKAR,2006,SIKAR,0.3595929666666667,2006,0.30657085,0.3627162
457,0.4697366,0.5830142,SIKAR,2007,SIKAR,0.4031241333333333,2007,0.276660225,0.2871979999999999
458,0.4166797,0.524091325,SIKAR,2008,SIKAR,0.431188575,2008,0.3160929,0.3536389
459,0.4166797,0.524091325,SIKAR,2008,SIKAR,0.431188575,2008,0.3160929,0.3536389
460,0.4993439,0.589540425,SIKAR,2009,SIKAR,0.3181289666666667,2009,0.25393125,0.3017652
461,0.448214875,0.54504475,SIKAR,2010,SIKAR,0.5811819666666667,2010,0.3836572499999999,0.3584822749999999
462,0.448214875,0.54504475,SIKAR,2010,SIKAR,0.5811819666666667,2010,0.3836572499999999,0.3584822749999999
463,0.448214875,0.54504475,SIKAR,2010,SIKAR,0.5811819666666667,2010,0.3836572499999999,0.3584822749999999
464,0.448214875,0.54504475,SIKAR,2010,SIKAR,0.5811819666666667,2010,0.3836572499999999,0.3584822749999999
465,0.55257235,0.826801575,SIKAR,2011,SIKAR,0.5808213666666667,2011,0.4197770749999999,0.378260025
466,0.494628125,0.61216645,SIKAR,2012,SIKAR,0.5659061999999999,2012,0.3664113666666667,0.3402343249999999
467,0.446719375,0.687532925,SIKAR,2013,SIKAR,0.6256080666666667,2013,0.411466375,0.387239175
468,0.5067438,0.7428739,SIKAR,2014,SIKAR,0.5389255000000001,2014,0.370202625,0.36549785
469,0.500894275,0.65143715,SIKAR,2015,SIKAR,0.4668048666666666,2015,0.34596855,0.3357656499999999
470,0.478425425,0.5799786,SIKAR,2016,SIKAR,0.4983144,2016,0.3615009333333334,0.380809025
471,0.478425425,0.5799786,SIKAR,2016,SIKAR,0.4983144,2016,0.3615009333333334,0.380809025
472,0.521375525,0.632863875,SIKAR,2017,SIKAR,0.3855973,2017,0.310075225,0.352086425
473,0.478982725,0.542830675,SIKAR,2018,SIKAR,0.6239178666666666,2018,0.40743495,0.36537155
474,0.47161025,0.606805575,SIKAR,2019,SIKAR,0.6187421,2019,0.433930425,0.458716325
475,0.363432025,0.312431775,SIROHI,2001,SIROHI,0.6016263666666667,2001,0.4917087,0.41923245
476,0.41644815,0.398636575,SIROHI,2002,SIROHI,0.4025332666666667,2002,0.3320479,0.297603525
477,0.30135005,0.297499925,SIROHI,2003,SIROHI,0.7983517333333333,2003,0.5895984750000001,0.5197564
478,0.5106079,0.46759055,SIROHI,2004,SIROHI,0.7079069499999999,2004,0.5557315000000002,0.422791425
479,0.39928705,0.352548125,SIROHI,2005,SIROHI,0.9205955333333332,2005,0.648252025,0.501320225
480,0.52234315,0.466924825,SIROHI,2006,SIROHI,0.8081203,2006,0.6438276999999999,0.630785325
481,0.662857475,0.582046725,SIROHI,2007,SIROHI,0.8584937,2007,0.64301995,0.5454909
482,0.549097375,0.5552035,SIROHI,2008,SIROHI,0.719401575,2008,0.5521177666666667,0.517672225
483,0.549097375,0.5552035,SIROHI,2008,SIROHI,0.719401575,2008,0.5521177666666667,0.517672225
484,0.491774725,0.407604725,SIROHI,2009,SIROHI,0.5859530333333334,2009,0.454077225,0.390133575
485,0.39789015,0.344334125,SIROHI,2010,SIROHI,0.8624682333333333,2010,0.6541735,0.6274473
486,0.39789015,0.344334125,SIROHI,2010,SIROHI,0.8624682333333333,2010,0.6541735,0.6274473
487,0.39789015,0.344334125,SIROHI,2010,SIROHI,0.8624682333333333,2010,0.6541735,0.6274473
488,0.39789015,0.344334125,SIROHI,2010,SIROHI,0.8624682333333333,2010,0.6541735,0.6274473
489,0.71760995,0.71459755,SIROHI,2011,SIROHI,0.9552105,2011,0.771510625,0.6464152249999999
490,0.668101225,0.621907575,SIROHI,2012,SIROHI,0.99167965,2012,0.7392781999999999,0.643603825
491,0.659883475,0.63148335,SIROHI,2013,SIROHI,1.2059681,2013,0.91158715,0.6948459499999999
492,0.6539725,0.5980953,SIROHI,2014,SIROHI,0.9306488,2014,0.7346373,0.591119625
493,0.603823775,0.53772465,SIROHI,2015,SIROHI,0.8505702666666667,2015,0.70452325,0.6290432499999999
494,0.66270615,0.577567633,SIROHI,2016,SIROHI,1.0216378,2016,0.8010598666666667,0.707186975
495,0.66270615,0.577567633,SIROHI,2016,SIROHI,1.0216378,2016,0.8010598666666667,0.707186975
496,0.707434175,0.612323575,SIROHI,2017,SIROHI,0.8697149999999999,2017,0.7831224,0.78790925
497,0.810905075,0.650392825,SIROHI,2018,SIROHI,0.7624641,2018,0.601043125,0.503124225
498,0.510850725,0.4990256,SIROHI,2019,SIROHI,1.2851617666666668,2019,0.998479925,0.7963342250000001
499,0.531686675,0.4676277,TONK,2001,TONK,0.3395014333333333,2001,0.321767175,0.409555825
500,0.541056625,0.5641841,TONK,2002,TONK,0.2724074333333333,2002,0.24761525,0.2465103
501,0.31134055,0.345883225,TONK,2003,TONK,0.5319254666666667,2003,0.4266918,0.446803725
502,0.528105525,0.509489225,TONK,2004,TONK,0.369626075,2004,0.4886130999999999,0.6973408249999999
503,0.811325175,0.66334185,TONK,2005,TONK,0.4446792666666666,2005,0.5488131,0.67515075
504,0.756740075,0.563371875,TONK,2006,TONK,0.3587414,2006,0.38560075,0.5721535
505,0.667139625,0.5393202,TONK,2007,TONK,0.4049017,2007,0.35663765,0.50552395
506,0.6759154,0.694967775,TONK,2008,TONK,0.402290375,2008,0.5310874,0.7188797
507,0.6759154,0.694967775,TONK,2008,TONK,0.402290375,2008,0.5310874,0.7188797
508,0.694123375,0.483638975,TONK,2009,TONK,0.3925274333333333,2009,0.4167327749999999,0.654049475
509,0.6486719,0.4502005,TONK,2010,TONK,0.5109176,2010,0.4224989,0.5812717749999999
510,0.6486719,0.4502005,TONK,2010,TONK,0.5109176,2010,0.4224989,0.5812717749999999
511,0.6486719,0.4502005,TONK,2010,TONK,0.5109176,2010,0.4224989,0.5812717749999999
512,0.6486719,0.4502005,TONK,2010,TONK,0.5109176,2010,0.4224989,0.5812717749999999
513,0.821113725,1.041654475,TONK,2011,TONK,0.4622488666666666,2011,0.58368285,0.76550415
514,0.837337175,0.734365575,TONK,2012,TONK,0.4792199499999999,2012,0.5067076333333334,0.8489682249999999
515,1.016009075,0.95899605,TONK,2013,TONK,0.4633172333333333,2013,0.6602049,0.96165885
516,0.931894475,1.098375525,TONK,2014,TONK,0.4846489999999999,2014,0.7862359000000001,0.98152715
517,1.13635445,0.934438025,TONK,2015,TONK,0.3893273,2015,0.4046634,0.766542525
518,0.99361115,0.868114567,TONK,2016,TONK,0.45177595,2016,0.6233318666666666,1.02134055
519,0.99361115,0.868114567,TONK,2016,TONK,0.45177595,2016,0.6233318666666666,1.02134055
520,1.22748645,0.937064975,TONK,2017,TONK,0.3858110333333333,2017,0.4640582749999999,0.7856271
521,0.9551573,0.71913435,TONK,2018,TONK,0.5212800666666667,2018,0.569120425,0.882739625
522,1.043019925,0.86858335,TONK,2019,TONK,0.5736543333333334,2019,0.60867335,0.9854171
523,0.40127015,0.336997975,UDAIPUR,2001,UDAIPUR,0.8269799333333334,2001,0.5975112499999999,0.47895005
524,0.459109025,0.454105825,UDAIPUR,2002,UDAIPUR,0.7093051666666668,2002,0.4836472,0.390437025
525,0.382222075,0.3608823,UDAIPUR,2003,UDAIPUR,1.1741628,2003,0.71248355,0.530285475
526,0.492479675,0.457284625,UDAIPUR,2004,UDAIPUR,1.048193525,2004,0.7128921333333333,0.531623325
527,0.507611075,0.4904221,UDAIPUR,2005,UDAIPUR,1.3369424,2005,0.835480325,0.6023565750000001
528,0.6120515,0.5596766,UDAIPUR,2006,UDAIPUR,1.2207832333333333,2006,0.797801675,0.657858225
529,0.64378935,0.623827425,UDAIPUR,2007,UDAIPUR,1.1935774,2007,0.767844125,0.5900963
530,0.576380375,0.571432675,UDAIPUR,2008,UDAIPUR,0.982467375,2008,0.6684222333333333,0.5692703
531,0.576380375,0.571432675,UDAIPUR,2008,UDAIPUR,0.982467375,2008,0.6684222333333333,0.5692703
532,0.51713125,0.45568765,UDAIPUR,2009,UDAIPUR,0.9999067,2009,0.66668985,0.5430679
533,0.5107832,0.452612875,UDAIPUR,2010,UDAIPUR,1.2115778333333334,2010,0.8361863,0.7270840249999999
534,0.5107832,0.452612875,UDAIPUR,2010,UDAIPUR,1.2115778333333334,2010,0.8361863,0.7270840249999999
535,0.5107832,0.452612875,UDAIPUR,2010,UDAIPUR,1.2115778333333334,2010,0.8361863,0.7270840249999999
536,0.5107832,0.452612875,UDAIPUR,2010,UDAIPUR,1.2115778333333334,2010,0.8361863,0.7270840249999999
537,0.74211235,0.712158125,UDAIPUR,2011,UDAIPUR,1.324010666666667,2011,0.8893733500000001,0.6636971
538,0.68699785,0.654492425,UDAIPUR,2012,UDAIPUR,1.375144075,2012,0.8634383,0.66343105
539,0.641780925,0.683229925,UDAIPUR,2013,UDAIPUR,1.5946974666666665,2013,1.061103425,0.7597951500000001
540,0.7571032,0.7434581,UDAIPUR,2014,UDAIPUR,1.3106812,2014,0.874468275,0.658318625
541,0.703166225,0.70084735,UDAIPUR,2015,UDAIPUR,1.1662491666666666,2015,0.7649367,0.626019725
542,0.64614385,0.601332433,UDAIPUR,2016,UDAIPUR,1.427909725,2016,0.9405896,0.7396481500000001
543,0.64614385,0.601332433,UDAIPUR,2016,UDAIPUR,1.427909725,2016,0.9405896,0.7396481500000001
544,0.75420885,0.72136575,UDAIPUR,2017,UDAIPUR,1.2300943999999998,2017,0.83496045,0.7000733
545,0.759389575,0.659794325,UDAIPUR,2018,UDAIPUR,1.3852648333333333,2018,0.86129705,0.6374550250000001
546,0.6270357,0.626320775,UDAIPUR,2019,UDAIPUR,1.7640584333333331,2019,1.180967675,0.8507166
